Location,Name,Frequency,Duplex,Offset,Tone,rToneFreq,cToneFreq,DtcsCode,DtcsPolarity,Mode,TStep,Comment
1,WA6PPS,144.50500,+,0.60000,Tone,162.2,162.2,023,NN,FM,5,"Beverly Hills,  Hollywood Hills",
2,W6COH,144.50500,+,0.60000,Tone,100.0,88.5,023,NN,FM,5,"Hemet, Simpson Park",
3,WF6OCS,144.50500,+,0.60000,Tone,107.2,88.5,023,NN,FM,5,"Oceanside",
4,N6CYP,144.89500,+,0.60000,,88.5,88.5,23,NN,DV,5,"Cypress",
5,W6CDW,144.89500,+,0.60000,Tone,156.7,156.7,023,NN,FM,5,"Lake Elsinore",
6,KF6ZTY,144.89500,+,0.60000,Tone,186.2,88.5,023,NN,FM,5,"Rancho Palos Verdes, Palos Verdes ",
7,W6SUV,144.89500,-,0.60000,,88.5,88.5,023,NN,FM,5,"South Lake Tahoe",
8,KD6QLT,144.93000,split,,Tone,107.2,88.5,023,NN,FM,5,"Palm Springs",
9,W6BXN,144.93750,split,,,88.5,88.5,23,NN,DIG,5,"Mariposa, Mt Bullion",
10,N6UTX,144.93750,split,,,88.5,88.5,23,NN,DIG,5,"Winters",
11,W6UUU,144.95000,split,,,88.5,88.5,23,NN,DIG,5,"Oakland",
12,KA6NCR,144.95000,split,,Tone,141.3,88.5,023,NN,FM,5,"San Dimas, Johnstone Peak",
13,W6GLN,144.95000,split,,Tone,141.3,88.5,023,NN,FM,5,"San Dimas, Johnstone Peak",
14,N6VQL,144.95000,split,,,88.5,88.5,023,NN,FM,5,"Visalia",
15,W6GRC,144.96250,split,,,88.5,88.5,23,NN,DIG,5,"Orland",
16,W6OTX,144.96250,split,,,88.5,88.5,23,NN,DIG,5,"San Jose",
17,KJ6NRO,144.96250,split,,,88.5,88.5,23,NN,DIG,5,"Sonora",
18,K6MDD,144.97500,split,,,88.5,88.5,23,NN,DIG,5,"Mt Diablo",
19,K6LNK,144.98750,+,0.60000,,88.5,88.5,23,NN,DIG,5,"Davis",
20,W6TCP,144.98750,split,,,88.5,88.5,23,NN,DIG,5,"Fremont, Mt Allison",
21,W6CX,145.00000,split,,,88.5,88.5,23,NN,DV,5,"Mt Diablo",
22,W6GRC,145.00000,split,,,88.5,88.5,23,NN,DIG,5,"Lakehead",
23,K6DRI,145.00000,split,,,88.5,88.5,23,NN,DV,5,"Santa Cruz",
24,W6JMP,145.01250,split,,,88.5,88.5,23,NN,DIG,5,"El Dorado Hills",
25,AH6KD,145.01250,split,,,88.5,88.5,23,NN,DIG,5,"San Bruno",
26,K6VIS,145.01250,split,,,88.5,88.5,23,NN,DV,5,"Visalia",
27,K6ACS,145.04000,-,0.60000,,88.5,88.5,23,NN,DV,5,"Santa Rosa",
28,KE6OBO,145.11000,-,0.60000,Tone,103.5,88.5,023,NN,FM,5,"Elk Grove",
29,N6CVC,145.11000,-,0.60000,Tone,100.0,88.5,023,NN,FM,5,"Hanford, Hospital",
30,W6KRK,145.11000,-,0.60000,Tone,94.8,94.8,023,NN,FM,5,"Hollister",
31,K6SDD,145.11000,-,0.60000,Tone,85.4,88.5,023,NN,FM,5,"Lewiston",
32,WD6EJF,145.11000,-,0.60000,Tone,136.5,88.5,023,NN,FM,5,"Modesto, Double Tree Hotel",
33,KE6CHO,145.11000,-,0.60000,Tone,94.8,114.8,023,NN,FM,5,"Redding",
34,WA6KQB,145.11000,-,0.60000,Tone,82.5,88.5,023,NN,FM,5,"San Pablo",
35,W6HDC,145.12000,-,0.60000,Tone,123.0,88.5,023,NN,FM,5,"La Presa, Mount Laguna",
36,WA6VPL,145.12000,-,0.60000,Tone,100.0,88.5,023,NN,FM,5,"Lompoc, Gravel Peak",
37,WA6VPL,145.12000,-,0.60000,Tone,100.0,100.0,023,NN,FM,5,"Lompoc, Gravel Peak",
38,K6KTA,145.12000,-,0.60000,Tone,107.2,107.2,023,NN,FM,5,"Mt Laguna, Stephenson Pk",
39,K6SBC,145.12000,-,0.60000,Tone,156.7,88.5,023,NN,FM,5,"Onyx, Onyx Peak",
40,WA6ISG,145.12000,-,0.60000,Tone,131.8,88.5,023,NN,FM,5,"Running Springs",
41,KC6PXL,145.12000,-,0.60000,Tone,103.5,88.5,023,NN,FM,5,"Sylmar, Contractors Point",
42,WB6CDF,145.12000,-,0.60000,,88.5,156.7,023,NN,FM,5,"Yucca Valley, Yucca Mesa",
43,AK6OK,145.13000,-,0.60000,Tone,114.8,88.5,023,NN,FM,5,"Auburn",
44,WB6HEV,145.13000,-,0.60000,Tone,162.2,88.5,023,NN,FM,5,"Fair Oaks",
45,K6EAG,145.13000,-,0.60000,Tone,127.3,88.5,023,NN,FM,5,"Hayward",
46,W6HHD,145.13000,-,0.60000,,88.5,88.5,023,NN,FM,5,"Mariposa",
47,K7WWA,145.13000,-,0.60000,Tone,103.5,103.5,023,NN,Auto,5,"Willits, Laughlin Ridge",
48,WD6AWP,145.14000,-,0.60000,Tone,110.9,88.5,023,NN,FM,5,"Huntington Beach",
49,WD6AWP,145.14000,-,0.60000,Tone,110.9,88.5,023,NN,FM,5,"Lake Forest, Santiago Peak",
50,W6AB,145.14000,-,0.60000,Tone,131.8,88.5,023,NN,FM,5,"Orcutt, Graciosa Ridge",
51,W6LIE,145.15000,-,0.60000,Tone,100.0,88.5,023,NN,FM,5,"Bakersfield, Breckenridge Mountain",
52,KG6TXA,145.15000,-,0.60000,Tone,141.3,88.5,023,NN,FM,5,"Copperopolis",
53,W6STA,145.15000,-,0.60000,Tone,107.2,88.5,023,NN,FM,5,"Redding",
54,W6PW,145.15000,-,0.60000,DTCS,88.5,88.5,664,NN,Auto,5,"San Francisco, Sutro Tower",
55,KI6QCU,145.15000,-,0.60000,Tone,103.5,88.5,023,NN,FM,5,"Seigler",
56,N6ICW,145.15000,-,0.60000,Tone,123.0,88.5,023,NN,FM,5,"South Lake Tahoe",
57,KA6EEK,145.16000,-,0.60000,Tone,100.0,88.5,023,NN,FM,5,"Easter Hill",
58,KA6EEK,145.16000,-,0.60000,Tone,100.0,88.5,023,NN,FM,5,"Irvine,  Signal Peak",
59,KA6EEK,145.16000,-,0.60000,Tone,136.5,88.5,023,NN,FM,5,"Lake Forest, Santiago Peak",
60,K6TZ,145.16000,-,0.60000,Tone,127.3,156.7,023,NN,FM,5,"Santa Ynez, Santa Ynez Peak",
61,N6FRG,145.17000,-,0.60000,Tone,100.0,88.5,023,NN,FM,5,"Angels Camp, Fowler Lookout",
62,KI6B,145.17000,-,0.60000,Tone,88.5,88.5,023,NN,FM,5,"Inverness",
63,WB6TMS,145.17000,-,0.60000,Tone,103.5,88.5,023,NN,FM,5,"Scotia, Pt Reyes",
64,W7FEH,145.17000,-,0.60000,Tone,114.8,88.5,023,NN,FM,5,"Sierra City",
65,K6SNY,145.17000,-,0.60000,Tone,94.8,88.5,023,NN,FM,5,"Sunnyvale",
66,W6UNI,145.17000,-,0.60000,Tone,131.8,88.5,023,NN,FM,5,"Watsonville",
67,KC6JTN,145.18000,-,0.60000,Tone,123.0,88.5,023,NN,FM,5,"Lucerne Valley",
68,W6MPH,145.18000,-,0.60000,Tone,156.7,88.5,023,NN,FM,5,"Pasadena",
69,K6KTA,145.18000,-,0.60000,Tone,107.2,107.2,023,NN,FM,5,"Poway, Mt Woodson",
70,W6YJO,145.18000,-,0.60000,Tone,131.8,131.8,023,NN,FM,5,"Santa Ynez, Santa Ynez Peak",
71,K6CDF,145.19000,-,0.60000,Tone,88.5,88.5,023,NN,FM,5,"Guerneville, Mt Jackson",
72,KK6AC,145.19000,-,0.60000,Tone,141.3,88.5,023,NN,FM,5,"Oak Flat, Kern Canyon",
73,K6IS,145.19000,-,0.60000,Tone,162.2,88.5,023,NN,FM,5,"Sacramento, Folsom Lake",
74,WA2IBM,145.19000,-,0.60000,Tone,151.4,88.5,023,NN,FM,5,"San Jose",
75,N6AH,145.20000,-,0.60000,Tone,103.5,88.5,023,NN,FM,5,"Arcadia",
76,KD6KTQ,145.20000,-,0.60000,Tone,114.8,88.5,023,NN,FM,5,"Juniper Hills",
77,WD6EBY,145.20000,-,0.60000,Tone,127.3,127.3,023,NN,FM,5,"Ojai, Sulphur Mountain",
78,W6DRA,145.20000,-,0.60000,Tone,131.8,88.5,023,NN,FM,5,"Palm Springs, Tram 2",
79,KI6AIT,145.20000,-,0.60000,,88.5,88.5,023,NN,FM,5,"Santa Clarita",
80,KF6JOQ,145.21000,-,0.60000,Tone,100.0,88.5,023,NN,FM,5,"Bakersfield",
81,KD6YYJ,145.21000,-,0.60000,Tone,123.0,88.5,023,NN,FM,5,"San Jose",
82,N6HU,145.21000,-,0.60000,,88.5,88.5,023,NN,FM,5,"Soledad",
83,WA6SEK,145.21000,-,0.60000,Tone,100.0,88.5,023,NN,FM,5,"Tracy, Mt Delux",
84,N6IQY,145.21000,-,0.60000,Tone,127.3,127.3,023,NN,FM,5,"Yuba City",
85,N6SLD,145.22000,-,0.60000,Tone,114.8,88.5,023,NN,FM,5,"Barstow, Flash II",
86,N6SLD,145.22000,-,0.60000,Tone,103.5,88.5,023,NN,FM,5,"Lake Forest, Santiago Peak",
87,W6FSC,145.23000,-,0.60000,Tone,141.3,88.5,023,NN,FM,5,"Fresno, Bear Mountain",
88,N6NFI,145.23000,-,0.60000,Tone,100.0,100.0,023,NN,FM,5,"Palo Alto",
89,KC6MHT,145.23000,-,0.60000,Tone,162.2,88.5,023,NN,FM,5,"Sacramento",
90,WD6EBY,145.24000,-,0.60000,Tone,127.3,127.3,023,NN,FM,5,"Chatsworth, Chatsworth Peak",
91,WA6HYQ,145.24000,-,0.60000,Tone,123.0,123.0,023,NN,FM,5,"La Mesa",
92,NK6S,145.24000,-,0.60000,Tone,91.5,88.5,023,NN,FM,5,"Sherman Oaks",
93,K6SOA,145.24000,-,0.60000,Tone,110.9,88.5,023,NN,FM,5,"Trabuco Canyon",
94,KQ6RC,145.25000,-,0.60000,,88.5,88.5,023,NN,FM,5,"Hayward",
95,KJ6CE,145.25000,-,0.60000,Tone,141.3,88.5,023,NN,FM,5,"Meadow Lakes",
96,N6NA,145.25000,-,0.60000,Tone,162.2,88.5,023,NN,FM,5,"Sacramento",
97,N6NA,145.25000,-,0.60000,Tone,162.2,88.5,023,NN,FM,5,"Shingle Springs",
98,NA6MF,145.25000,-,0.60000,Tone,123.0,88.5,023,NN,FM,5,"Sunnyvale, Moffett Field",
99,KK6KD,145.26000,-,0.60000,Tone,107.2,88.5,023,NN,FM,5,"Chula Vista",
100,WA6FV,145.26000,-,0.60000,Tone,136.5,88.5,023,NN,FM,5,"Fountain Valley",
101,N6FDR,145.26000,-,0.60000,Tone,100.0,88.5,023,NN,FM,5,"Malibu, Paradise Cove",
102,AI6BX,145.26000,-,0.60000,Tone,123.0,123.0,023,NN,FM,5,"Redlands ",
103,W6SAR,145.27000,-,0.60000,Tone,156.7,156.7,023,NN,FM,5,"Auburn",
104,W6BY,145.27000,-,0.60000,Tone,88.5,88.5,023,NN,FM,5,"Lemoore",
105,W6ASH,145.27000,-,0.60000,Tone,100.0,88.5,023,NN,FM,5,"Mountain View, El Camino Hospital",
106,KN6OK,145.28000,-,0.60000,Tone,100.0,88.5,023,NN,FM,5,"Camarillo",
107,K6GAO,145.28000,-,0.60000,Tone,107.2,88.5,023,NN,FM,5,"Engineer Springs, Hi-Pass",
108,W6ZN,145.28000,-,0.60000,Tone,74.4,74.4,023,NN,FM,5,"Escondido, Palomar Mountain",
109,W6CTR,145.28000,-,0.60000,Tone,151.4,88.5,023,NN,FM,5,"Fountain Valley",
110,K6FCC,145.28000,-,0.60000,Tone,127.3,88.5,023,NN,FM,5,"Santa Monica",
111,WR6AZN,145.28000,-,0.60000,Tone,131.8,88.5,023,NN,FM,5,"Wrightwood, Table Mountain",
112,KB6LED,145.29000,-,0.60000,Tone,131.8,88.5,023,NN,FM,5,"Berkeley, Grizzly Peak",
113,W6SCR,145.29000,-,0.60000,Tone,110.9,88.5,023,NN,FM,5,"Chico",
114,KK6PHE,145.29000,-,0.60000,Tone,94.8,88.5,023,NN,FM,5,"Maricopa",
115,K6DPB,145.29000,-,0.60000,Tone,100.0,88.5,023,NN,FM,5,"Moccasin",
116,W6MAC,145.29000,-,0.60000,Tone,88.5,88.5,023,NN,FM,5,"Redding",
117,KC6WRD,145.29000,-,0.60000,,88.5,88.5,023,NN,FM,5,"San Luis Obispo",
118,W6TUW,145.29000,-,0.60000,Tone,94.8,88.5,023,NN,FM,5,"Watsonville",
119,K6CPT,145.30000,-,0.60000,Tone,100.0,88.5,023,NN,FM,5,"Altadena, Mt Disappointment",
120,KD6RSQ,145.30000,-,0.60000,Tone,88.5,88.5,023,NN,FM,5,"Ramona",
121,K6IOK,145.31000,-,0.60000,Tone,114.8,88.5,023,NN,FM,5,"Auburn",
122,K6GRC,145.31000,-,0.60000,Tone,127.3,88.5,023,NN,FM,5,"Cupertino",
123,KF6OTM,145.31000,-,0.60000,Tone,127.3,88.5,023,NN,FM,5,"Groveland",
124,KF6NQR,145.31000,-,0.60000,Tone,118.8,88.5,023,NN,FM,5,"Manteca",
125,KG6TZT,145.31000,-,0.60000,Tone,151.4,88.5,023,NN,FM,5,"Nevada City",
126,KE6WDX,145.31000,-,0.60000,Tone,100.0,88.5,023,NN,FM,5,"Porterville, Blue Ridge",
127,KB6FEC,145.31000,-,0.60000,Tone,162.2,88.5,023,NN,FM,5,"San Jose",
128,AC6P,145.31000,-,0.60000,Tone,94.8,88.5,023,NN,FM,5,"Santa Cruz",
129,WA6WFU,145.31000,-,0.60000,Tone,123.0,88.5,023,NN,FM,5,"Truckee,  Alder Hill",
130,K6LI,145.31000,-,0.60000,Tone,88.5,88.5,023,NN,FM,5,"Vallejo",
131,WD6APP,145.32000,-,0.60000,Tone,107.2,107.2,023,NN,FM,5,"Mission Hills",
132,W6TRW,145.32000,-,0.60000,Tone,114.8,114.8,023,NN,FM,5,"Redondo Beach",
133,WD8RCL,145.32000,-,0.60000,,88.5,88.5,023,NN,FM,5,"Thousand Oaks",
134,K6POU,145.33000,-,0.60000,Tone,100.0,88.5,023,NN,FM,5,"Mt Diablo",
135,KM6OU,145.33000,-,0.60000,Tone,146.2,88.5,023,NN,FM,5,"Lemoore",
136,AB6BP,145.33000,-,0.60000,Tone,103.5,88.5,023,NN,FM,5,"Visalia",
137,W6DNC,145.33000,-,0.60000,Tone,123.0,88.5,023,NN,FM,5,"Watsonville",
138,N6MRN,145.34000,-,0.60000,Tone,107.2,88.5,023,NN,FM,5,"Palm Desert, Santa Rosa Peak",
139,WA6YBN,145.34000,-,0.60000,Tone,100.0,88.5,023,NN,FM,5,"Ridgecrest, Randsburg Peak",
140,WA6TTL,145.34000,-,0.60000,Tone,100.0,88.5,023,NN,FM,5,"Simi Valley, Chatsworth Peak",
141,KR6DK,145.35000,-,0.60000,Tone,67.0,88.5,023,NN,FM,5,"Bakersfield",
142,KI6YDR,145.35000,-,0.60000,Tone,94.8,88.5,023,NN,FM,5,"Boulder Creek",
143,W6QWN,145.35000,-,0.60000,Tone,107.2,88.5,023,NN,FM,5,"Burney",
144,AB6CR,145.35000,-,0.60000,Tone,88.5,88.5,023,NN,FM,5,"Mt Diablo",
145,WA6YGD,145.35000,-,0.60000,Tone,88.5,88.5,023,NN,FM,5,"Santa Rosa",
146,KA6GWY,145.35000,-,0.60000,Tone,110.9,88.5,023,NN,FM,5,"South Lake Tahoe",
147,K6DRT,145.36000,-,0.60000,Tone,156.7,156.7,023,NN,FM,5,"Agoura Hills, Kimberly Peak",
148,WR7NV,145.36000,-,0.60000,Tone,100.0,100.0,023,NN,FM,5,"La Quinta",
149,W6AB,145.36000,-,0.60000,Tone,131.8,88.5,023,NN,FM,5,"Lompoc",
150,K9KAO,145.36000,-,0.60000,Tone,91.5,88.5,023,NN,FM,5,"Riverside, Box Springs Mountain",
151,WR7NV,145.36000,-,0.60000,Tone,100.0,100.0,023,NN,FM,5,"San Diego, Black Mtn",
152,KD6CQ,145.37000,-,0.60000,Tone,100.0,88.5,023,NN,FM,5,"El Dorado Hills",
153,K6PLU,145.37000,-,0.60000,Tone,123.0,88.5,023,NN,FM,5,"Hamilton Branch, Dyer Mtn ",
154,N6SPD,145.37000,-,0.60000,Tone,94.8,88.5,023,NN,FM,5,"King City, Williams Hill",
155,N6ZX,145.37000,-,0.60000,Tone,107.2,107.2,023,NN,Auto,5,"Woodside",
156,W6RDF,145.38000,-,0.60000,Tone,107.2,107.2,023,NN,FM,5,"Coronado,  Point Loma",
157,W6DRA,145.38000,-,0.60000,Tone,100.0,88.5,023,NN,FM,5,"Desert Center, Chuckwalla Mountains",
158,K6SRT,145.38000,-,0.60000,Tone,151.4,88.5,023,NN,FM,5,"Littlerock",
159,WA6LA,145.38000,-,0.60000,Tone,100.0,88.5,023,NN,FM,5,"Rancho Palos Verdes",
160,KI6PNB,145.39000,-,0.60000,Tone,110.9,88.5,023,NN,FM,5,"Los Molinos",
161,AC6VJ,145.39000,-,0.60000,Tone,88.5,88.5,023,NN,FM,5,"Middletown",
162,WD6EJF,145.39000,-,0.60000,Tone,136.5,88.5,023,NN,FM,5,"Modesto,  Mt Oso",
163,WW6BAY,145.39000,-,0.60000,Tone,100.0,88.5,023,NN,FM,5,"Palo Alto, Black Mountain",
164,N6ME,145.40000,-,0.60000,Tone,103.5,88.5,023,NN,FM,5,"Fullerton",
165,N6FL,145.40000,-,0.60000,,88.5,88.5,023,NN,FM,5,"Ojai, Black Mountain",
166,KI6ITV,145.40000,-,0.60000,Tone,146.2,88.5,023,NN,FM,5,"Wildomar",
167,W6LI,145.41000,-,0.60000,Tone,103.5,88.5,023,NN,FM,5,"Bakersfield,  Shirley Peak",
168,N6SBC,145.41000,-,0.60000,Tone,118.8,118.8,023,NN,FM,5,"Paicines",
169,W6CER,145.41000,-,0.60000,,88.5,88.5,023,NN,FM,5,"Salinas",
170,WA6HAM,145.41000,-,0.60000,Tone,107.2,107.2,023,NN,FM,5,"San Ramon, Highland Peak",
171,N7OD,145.42000,-,0.60000,Tone,88.5,88.5,023,NN,FM,5,"Hemet, Hemet Valley Med Ctr",
172,K6NBR,145.42000,-,0.60000,Tone,136.5,88.5,023,NN,FM,5,"Newport Beach",
173,WW6Y,145.42000,-,0.60000,Tone,136.5,88.5,023,NN,FM,5,"Victorville, Quartzite Mountain",
174,W6EK,145.43000,-,0.60000,Tone,162.2,88.5,023,NN,FM,5,"Auburn",
175,K6WGJ,145.43000,-,0.60000,Tone,141.3,88.5,023,NN,FM,5,"Fresno",
176,WA6RQX,145.43000,-,0.60000,Tone,103.5,88.5,023,NN,FM,5,"Laytonville",
177,KO6PW,145.43000,-,0.60000,Tone,100.0,100.0,023,NN,FM,5,"Livermore",
178,W6MLP,145.43000,-,0.60000,Tone,85.4,88.5,023,NN,FM,5,"Milpitas",
179,N6SPD,145.43000,-,0.60000,Tone,94.8,88.5,023,NN,FM,5,"Salinas,  Mt Toro",
180,N6NIK,145.44000,-,0.60000,Tone,186.2,88.5,023,NN,FM,5,"Escondido, Palomar Mountain",
181,N6USO,145.44000,-,0.60000,Tone,136.5,88.5,023,NN,FM,5,"Pomona, Sunset Ridge",
182,K6BVA,145.44000,-,0.60000,,88.5,88.5,023,NN,FM,5,"Santa Ynez, Santa Ynez Peak",
183,WX6D,145.45000,-,0.60000,,88.5,88.5,23,NN,DIG,5,"Clovis",
184,K6JRB,145.45000,-,0.60000,Tone,203.5,88.5,023,NN,FM,5,"Davis, UC Davis",
185,N6SR,145.45000,-,0.60000,Tone,156.7,88.5,023,NN,FM,5,"Lake Isabella, Sawmill Road",
186,K6FB,145.45000,-,0.60000,Tone,100.0,88.5,023,NN,FM,5,"Los Gatos, Castle Rock",
187,KF6KDD,145.45000,-,0.60000,Tone,88.5,88.5,023,NN,FM,5,"Red Bluff",
188,K6VIS,145.45000,-,0.60000,,88.5,88.5,23,NN,DV,5,"Visalia",
189,K6ERN,145.46000,-,0.60000,Tone,127.3,88.5,023,NN,FM,5,"Camarillo",
190,K6PIN,145.46000,-,0.60000,Tone,127.3,88.5,023,NN,Auto,5,"Pomona, Sunset Ridge",
191,W6ZZK,145.47000,-,0.60000,Tone,103.5,88.5,023,NN,FM,5,"Eureka",
192,W7POR,145.47000,+,0.60000,Tone,141.3,88.5,023,NN,FM,5,"Fresno",
193,WA6RQX,145.47000,-,0.60000,Tone,103.5,88.5,023,NN,FM,5,"Hopland",
194,WB6TMS,145.47000,-,0.60000,Tone,88.5,88.5,023,NN,FM,5,"Point Reyes Station",
195,K6PLU,145.47000,-,0.60000,Tone,123.0,123.0,023,NN,Auto,5,"Quincy, Mt Hough ",
196,K6JE,145.47000,-,0.60000,Tone,94.8,94.8,023,NN,FM,5,"Salinas, Fremont Pk",
197,W6VVR,145.47000,-,0.60000,Tone,127.3,88.5,023,NN,FM,5,"Vacaville, Mt Vaca",
198,W6AM,145.48000,-,0.60000,Tone,100.0,100.0,023,NN,FM,5,"Glendale, Mt Lukens",
199,W6DRA,145.48000,-,0.60000,Tone,107.2,88.5,023,NN,FM,5,"Palm Springs, Tram 1",
200,W6JVA,145.48000,-,0.60000,Tone,127.3,88.5,023,NN,FM,5,"San Diego, Paradise Hills",
201,W6RFU,145.48000,-,0.60000,Tone,136.5,88.5,023,NN,FM,5,"Santa Barbara, UCSB - Storke Tower",
202,N6KMR,145.49000,-,0.60000,Tone,100.0,100.0,023,NN,Auto,5,"Alturas, Barnes Grade",
203,KR6DK,145.49000,-,0.60000,Tone,186.2,88.5,023,NN,FM,5,"Bakersfield",
204,KI6ND,145.49000,-,0.60000,Tone,110.9,88.5,023,NN,FM,5,"Chico",
205,WA6HAM,145.49000,-,0.60000,Tone,107.2,88.5,023,NN,FM,5,"Orinda, Bald Peak",
206,W6RTF,145.49000,-,0.60000,Tone,100.0,100.0,023,NN,FM,5,"Salinas",
207,NR6P,146.02500,+,0.60000,Tone,107.2,88.5,023,NN,FM,5,"Cactus City",
208,WB6ZTY,146.02500,+,0.60000,Tone,136.5,88.5,023,NN,FM,5,"Glendale, Mt Thom",
209,W6ECS,146.02500,+,0.60000,,88.5,88.5,023,NN,FM,5,"Hesperia",
210,WB6RSK,146.02500,+,0.60000,Tone,103.5,88.5,023,NN,FM,5,"Pomona",
211,K6SOA,146.02500,+,0.60000,Tone,110.9,88.5,023,NN,FM,5,"San Clemente",
212,WB6UBG,146.08500,+,0.60000,Tone,107.2,88.5,023,NN,FM,5,"Anza",
213,K6QM,146.08500,+,0.60000,Tone,100.0,88.5,023,NN,Auto,5,"Chula Vista",
214,KA6AMR,146.08500,+,0.60000,Tone,110.9,88.5,023,NN,FM,5,"Duarte",
215,KF6FM,146.08500,+,0.60000,Tone,141.3,88.5,023,NN,FM,5,"Indian Wells, Bird Spring Pass",
216,WE6R,146.08500,+,0.60000,,88.5,88.5,023,NN,FM,5,"Monterey",
217,KI6AOZ,146.08500,+,0.60000,Tone,114.8,88.5,023,NN,FM,5,"Newark",
218,WB5NVN,146.08500,+,0.60000,Tone,100.0,100.0,023,NN,FM,5,"Portola Valley",
219,KC6UDC,146.08500,+,0.60000,Tone,100.0,88.5,023,NN,FM,5,"Salinas",
220,WD6AXM,146.08500,+,0.60000,Tone,127.3,88.5,023,NN,FM,5,"Sutter, South Butte",
221,WD6AXM,146.08500,+,0.60000,Tone,127.3,88.5,023,NN,FM,5,"Yuba City, Sutter Butte",
222,K6SOA,146.11500,+,0.60000,,88.5,88.5,23,NN,DV,5,"Laguna Beach, Temple Hill",
223,N6TKW,146.11500,+,0.60000,Tone,123.0,88.5,023,NN,FM,5,"Napa",
224,AA6BT,146.11500,+,0.60000,Tone,100.0,88.5,023,NN,FM,5,"San Jose",
225,N6HUH,146.11500,+,0.60000,Tone,100.0,88.5,023,NN,FM,5,"Soulsbyville",
226,W6SUV,146.11500,+,0.60000,Tone,192.8,192.8,023,NN,FM,5,"South Lake Tahoe",
227,K6LNK,146.11500,-,0.60000,Tone,123.0,88.5,023,NN,FM,5,"Stonyford",
228,W6DRT,146.11500,+,0.60000,Tone,123.0,88.5,023,NN,FM,5,"Topanga Canyon",
229,K7GIL,146.11500,+,0.60000,Tone,91.5,88.5,023,NN,FM,5,"Victorville, Fairgrounds",
230,K6CHE,146.14500,+,0.60000,Tone,156.7,88.5,023,NN,FM,5,"Signal Hill, Reservoir Hill",
231,KA6TBF,146.16000,+,0.60000,Tone,107.2,88.5,023,NN,FM,5,"Mission Viejo",
232,W6SS,146.16000,+,0.60000,Tone,107.2,107.2,023,NN,Auto,5,"San Diego",
233,W7JAM,146.16000,+,0.60000,Tone,146.2,88.5,023,NN,FM,5,"Tujunga",
234,N6FQ,146.17500,+,0.60000,Tone,107.2,107.2,023,NN,FM,5,"Fallbrook, Red Mountain",
235,KA6BFB,146.17500,+,0.60000,Tone,100.0,88.5,023,NN,FM,5,"Guadalupe",
236,WA6AV,146.17500,+,0.60000,Tone,97.4,88.5,023,NN,FM,5,"Hesperia",
237,W6KAT,146.17500,+,0.60000,Tone,156.7,156.7,023,NN,Auto,5,"Whittier, Whittier Hills",
238,AA6GV,146.20500,+,0.60000,Tone,88.5,88.5,023,NN,FM,5,"Sonoma",
239,KA6TSA,146.23500,+,0.60000,Tone,127.3,88.5,023,NN,FM,5,"Rancho Palos Verdes",
240,N6VCC,146.23500,+,0.60000,,88.5,146.2,023,NN,FM,5,"Valley Center , Paradise Mtn",
241,K6CF,146.26500,+,0.60000,Tone,136.5,136.5,023,NN,FM,5,"Anaheim Hills",
242,W6SS,146.26500,+,0.60000,Tone,107.2,88.5,023,NN,FM,5,"El Cajon,  Lyons Peak",
243,WA6AQQ,146.26500,+,0.60000,Tone,103.5,88.5,023,NN,FM,5,"Northridge,  Northrop ISD",
244,K6SRM,146.35500,+,0.60000,Tone,100.0,88.5,023,NN,FM,5,"Danville",
245,KN6NA,146.35500,+,0.60000,Tone,123.0,88.5,023,NN,FM,5,"El Cajon",
246,W6YDD,146.35500,+,0.60000,Tone,94.8,88.5,023,NN,FM,5,"Foresthill",
247,WA6OYF,146.35500,+,0.60000,Tone,156.7,156.7,023,NN,FM,5,"Modesto, Memorial Med Ctr",
248,KF6YLB,146.35500,+,0.60000,Tone,71.9,88.5,023,NN,FM,5,"Monterey Park",
249,KE6MON,146.35500,+,0.60000,Tone,123.0,88.5,023,NN,FM,5,"San Jose",
250,AB6IS,146.35500,+,0.60000,Tone,114.8,88.5,023,NN,FM,5,"Stockton",
251,KE6TZG,146.38500,+,0.60000,Tone,146.2,88.5,023,NN,FM,5,"Running Springs, Keller Peak",
252,WA6ZSN,146.38500,+,0.60000,Tone,127.3,88.5,023,NN,FM,5,"Santa Paula, South Mountain",
253,KD6DDM,146.61000,-,0.60000,Tone,103.5,88.5,023,NN,FM,5,"Corona, Sierra Peak",
254,KS6HRP,146.61000,-,0.60000,Tone,136.5,88.5,023,NN,FM,5,"Folsom",
255,N6VA,146.61000,-,0.60000,Tone,103.5,88.5,023,NN,FM,5,"Garberville, Pratt Mountain",
256,WA6OIB,146.61000,-,0.60000,Tone,141.3,88.5,023,NN,FM,5,"Meadow Lakes",
257,W6ABR,146.61000,-,0.60000,Tone,88.5,88.5,023,NN,FM,5,"Point Arena",
258,N3MBN,146.61000,-,0.60000,Tone,127.3,88.5,023,NN,FM,5,"San Buenaventura",
259,KM6EF,146.61000,-,0.60000,Tone,123.0,88.5,023,NN,FM,5,"Union City",
260,W6SLO,146.62000,-,0.60000,Tone,127.3,88.5,023,NN,FM,5,"San Luis Obispo, Rocky Butte",
261,W6YDD,146.62500,-,0.60000,Tone,123.0,88.5,023,NN,FM,5,"Georgetown",
262,W6YDD,146.62500,-,0.60000,Tone,151.4,88.5,023,NN,FM,5,"Grass Valley",
263,W6MTF,146.62500,-,0.60000,Tone,156.7,88.5,23,NN,P25,5,"Oakland",
264,N6SBC,146.62500,-,0.60000,Tone,94.8,88.5,023,NN,FM,5,"Paicines",
265,KE6MNJ,146.62500,-,0.60000,Tone,114.8,88.5,023,NN,FM,5,"Pescadero",
266,W6YDD,146.62500,-,0.60000,Tone,100.0,88.5,023,NN,FM,5,"Vacaville",
267,W6HMH,146.64000,-,0.60000,Tone,127.3,88.5,023,NN,FM,5,"Coarsegold",
268,W7BF,146.64000,-,0.60000,Tone,167.9,88.5,023,NN,FM,5,"Diamond Bar",
269,W6STA,146.64000,-,0.60000,Tone,88.5,114.8,023,NN,FM,5,"Redding, South Fork Mountain",
270,W6SAR,146.64000,-,0.60000,Tone,156.7,88.5,023,NN,FM,5,"Roseville",
271,WB6WLV,146.64000,-,0.60000,Tone,107.2,88.5,023,NN,FM,5,"San Diego, Otay Mountain",
272,WR6ABD,146.64000,-,0.60000,Tone,162.2,88.5,023,NN,FM,5,"San Jose,  Loma Prieta",
273,N6UE,146.64000,-,0.60000,,88.5,88.5,023,NN,FM,5,"Santa Maria",
274,WA6FGK,146.64000,-,0.60000,Tone,127.3,88.5,023,NN,FM,5,"Simi Valley",
275,W6SAR,146.64000,-,0.60000,Tone,131.8,131.8,023,NN,FM,5,"Truckee, Donner Peak",
276,KE6UPA,146.65500,-,0.60000,Tone,114.8,88.5,023,NN,Auto,5,"La Mirada",
277,K7BUG,146.65500,-,0.60000,Tone,103.5,88.5,023,NN,FM,5,"Laytonville",
278,KB6DWO,146.65500,-,0.60000,Tone,131.8,88.5,023,NN,FM,5,"Loop, Leviathan Peak",
279,AB6MV,146.65500,-,0.60000,Tone,103.5,88.5,023,NN,Auto,5,"Moreno Valley, City Hall",
280,N6TKW,146.65500,-,0.60000,Tone,88.5,88.5,023,NN,FM,5,"Napa",
281,W6AF,146.65500,-,0.60000,Tone,136.5,88.5,023,NN,FM,5,"Oroville",
282,KE6WDX,146.65500,-,0.60000,Tone,123.0,123.0,023,NN,FM,5,"Porterville, Republican Hill",
283,W6KGB,146.65500,-,0.60000,Tone,131.8,141.3,23,NN,P25,5,"Santa Cruz Island, Diablo Peak",
284,K6SA,146.65500,-,0.60000,Tone,114.8,88.5,023,NN,FM,5,"Saratoga",
285,W6LLL,146.65500,-,0.60000,Tone,100.0,100.0,023,NN,FM,5,"Tracy",
286,K6JLW,146.65500,-,0.60000,Tone,131.8,88.5,023,NN,FM,5,"Ventura, Harbor",
287,N6SMU,146.67000,-,0.60000,Tone,100.0,100.0,023,NN,Auto,5,"Bakersfield, Mt Adelaide",
288,WA6M,146.67000,-,0.60000,Tone,88.5,88.5,023,NN,FM,5,"Bodega Bay",
289,N6LVR,146.67000,-,0.60000,Tone,103.5,88.5,023,NN,FM,5,"Brawley, Superstition Mountain",
290,W7PRA,146.67000,-,0.60000,Tone,136.5,91.5,023,NN,FM,5,"Dunsmuir, Mt Bradley",
291,KD6AFA,146.67000,-,0.60000,Tone,192.8,88.5,023,NN,FM,5,"Glendale,  Mt Lukens",
292,N6QWD,146.67000,-,0.60000,Tone,156.7,88.5,023,NN,FM,5,"La Mesa",
293,WB6RSM,146.67000,-,0.60000,,88.5,88.5,023,NN,FM,5,"Lancaster",
294,WA6HYQ,146.67000,-,0.60000,Tone,123.0,88.5,023,NN,FM,5,"Moreno Valley, Civic Center",
295,KJ6RA,146.67000,-,0.60000,Tone,123.0,88.5,023,NN,FM,5,"Mt Shasta City",
296,N6JMI,146.67000,-,0.60000,Tone,127.3,88.5,023,NN,FM,5,"Newbury Park",
297,W6BUR,146.67000,-,0.60000,Tone,85.4,88.5,023,NN,FM,5,"Oakland",
298,W6SLO,146.67000,-,0.60000,Tone,127.3,88.5,023,NN,FM,5,"San Luis Obispo, Tassajera Peak",
299,NC6R,146.67000,-,0.60000,Tone,156.7,88.5,023,NN,FM,5,"Shingle Springs, Mt Aukum",
300,KI6AZQ,146.67000,-,0.60000,Tone,156.7,156.7,023,NN,FM,5,"Vista",
301,WB6FMC,146.70000,-,0.60000,Tone,127.3,88.5,023,NN,FM,5,"Arroyo Grande",
302,W6SLZ,146.70000,-,0.60000,Tone,123.0,123.0,023,NN,FM,5,"Bear Valley Springs, Cub Mountain",
303,KJ6FFP,146.70000,-,0.60000,Tone,94.8,94.8,023,NN,FM,5,"Corralitos",
304,W6NWG,146.70000,-,0.60000,,88.5,88.5,023,NN,FM,5,"Escondido, Palomar Mountain",
305,K6FWR,146.70000,-,0.60000,Tone,103.5,88.5,023,NN,FM,5,"Eureka",
306,K6FHL,146.70000,-,0.60000,Tone,110.9,110.9,023,NN,FM,5,"High Lakes, Spring Valley Mountain",
307,KD6FW,146.70000,-,0.60000,Tone,141.3,88.5,023,NN,FM,5,"Madera",
308,K6GWE,146.70000,-,0.60000,Tone,179.9,88.5,023,NN,FM,5,"Mill Valley, Mt Tamalpais",
309,WA6MTZ,146.70000,-,0.60000,,88.5,88.5,023,NN,FM,5,"Newberry Springs",
310,K6GWE,146.70000,-,0.60000,Tone,203.5,88.5,023,NN,FM,5,"Novato, Big Rock Ridge",
311,K4ELE,146.70000,-,0.60000,,88.5,88.5,023,NN,FM,5,"Pomona, Sunset Ridge",
312,K6INC,146.70000,-,0.60000,,88.5,88.5,023,NN,FM,5,"Sacramento",
313,KD6OVS,146.70000,-,0.60000,Tone,131.8,88.5,023,NN,FM,5,"Santa Barbara,  Gibralter Peak",
314,KB6SSB,146.70000,-,0.60000,Tone,103.5,88.5,023,NN,FM,5,"Sun City",
315,W6NWG,146.73000,-,0.60000,Tone,107.2,107.2,023,NN,Auto,5,"Escondido, Palomar Mountain",
316,W6SCF,146.73000,-,0.60000,Tone,114.8,88.5,023,NN,FM,5,"La Honda",
317,NW6C,146.73000,-,0.60000,Tone,100.0,88.5,023,NN,FM,5,"Mammoth Lakes, Mammoth Mtn",
318,W6KGB,146.73000,-,0.60000,Tone,100.0,88.5,023,NN,FM,5,"Oxnard",
319,W6CLA,146.73000,-,0.60000,Tone,100.0,110.9,023,NN,FM,5,"Palmdale, Hauser Peak",
320,W6FM,146.73000,-,0.60000,Tone,127.3,88.5,023,NN,FM,5,"San Ardo, Williams Hill",
321,K6ACS,146.73000,-,0.60000,Tone,88.5,88.5,023,NN,FM,5,"Santa Rosa",
322,KM6OR,146.73000,-,0.60000,Tone,141.3,141.3,023,NN,FM,5,"Visalia, Blue Ridge",
323,N6TKY,146.73000,-,0.60000,Tone,85.4,88.5,023,NN,FM,5,"Weaverville, Hayfork Bally",
324,K0JPK,146.73000,-,0.60000,Tone,103.5,88.5,023,NN,FM,5,"Whittier,  Rio Hondo Peak",
325,W6JWS,146.74500,-,0.60000,Tone,94.8,88.5,023,NN,FM,5,"Felton, Empire Grade",
326,W6SAR,146.74500,-,0.60000,Tone,156.7,156.7,023,NN,FM,5,"Foresthill",
327,W6LAH,146.74500,-,0.60000,Tone,110.9,88.5,023,NN,FM,5,"Los Altos Hills",
328,W6PPM,146.74500,-,0.60000,Tone,146.2,88.5,023,NN,FM,5,"Mariposa,  Mt Bullion",
329,W6PPM,146.74500,-,0.60000,Tone,123.0,88.5,023,NN,FM,5,"Oakhurst",
330,W6SAR,146.74500,-,0.60000,,88.5,88.5,023,NN,FM,5,"Vacaville,  Mt Vaca",
331,N6JSL,146.76000,-,0.60000,Tone,136.5,88.5,023,NN,FM,5,"Auburn",
332,K6DK,146.76000,-,0.60000,Tone,136.5,88.5,023,NN,FM,5,"Barstow",
333,KD6QLT,146.76000,-,0.60000,Tone,107.2,88.5,023,NN,FM,5,"Cathedral City, Palm Springs",
334,KI6ITV,146.76000,-,0.60000,Tone,136.5,88.5,023,NN,FM,5,"Corona, Lake Elsinore",
335,W6TD,146.76000,-,0.60000,Tone,103.5,88.5,023,NN,FM,5,"Independence, Mazourka Peak",
336,KC6ZQR,146.76000,-,0.60000,Tone,186.2,88.5,023,NN,FM,5,"Palmdale",
337,WB6CAN,146.76000,-,0.60000,Tone,107.2,88.5,023,NN,FM,5,"Redding",
338,WB6OQS,146.76000,-,0.60000,Tone,151.4,88.5,023,NN,FM,5,"San Jose, Loma Prieta",
339,W6BHZ,146.76000,-,0.60000,Tone,91.5,127.3,023,NN,FM,5,"San Luis Obispo, Cal Poly",
340,K6FWR,146.76000,-,0.60000,Tone,103.5,88.5,023,NN,FM,5,"Scotia, Monument Peak",
341,N6BYH,146.76000,-,0.60000,Tone,141.3,141.3,023,NN,FM,5,"Visalia, Kings Canyon National Park",
342,N6NMZ,146.76000,-,0.60000,Tone,131.8,88.5,023,NN,FM,5,"Williams",
343,N6BYH,146.77500,-,0.60000,Tone,141.3,88.5,023,NN,FM,5,"Bakersfield",
344,N1PPP,146.77500,-,0.60000,Tone,103.5,88.5,023,NN,FM,5,"Kelseyville, Mount Konocti",
345,W6LLL,146.77500,-,0.60000,Tone,100.0,100.0,023,NN,FM,5,"Livermore",
346,,146.77500,-,0.60000,Tone,110.9,88.5,023,NN,FM,5,"Mill Valley",
347,K6BW,146.77500,-,0.60000,Tone,110.9,88.5,023,NN,FM,5,"Novato, Hamilton Field",
348,NC6R,146.77500,-,0.60000,Tone,156.7,88.5,023,NN,FM,5,"Patterson",
349,K6BW,146.77500,-,0.60000,Tone,127.3,88.5,023,NN,FM,5,"San Anselmo",
350,KB6MET,146.77500,-,0.60000,Tone,123.0,88.5,023,NN,FM,5,"Watsonville",
351,W6HIR,146.79000,-,0.60000,Tone,100.0,88.5,023,NN,FM,5,"Fair Oaks",
352,K6SYU,146.79000,-,0.60000,Tone,114.8,88.5,023,NN,FM,5,"Fullerton,  St Jude Hospital",
353,W6CLG,146.79000,-,0.60000,Tone,103.5,88.5,023,NN,FM,5,"Garberville",
354,K6SYU,146.79000,-,0.60000,Tone,103.5,88.5,023,NN,FM,5,"Long Beach,  VA Hospital",
355,K6JSI,146.79000,-,0.60000,Tone,100.0,100.0,023,NN,FM,5,"Meadow Lakes",
356,WA6YVL,146.79000,-,0.60000,Tone,114.8,141.3,023,NN,FM,5,"Palmdale",
357,NG6ST,146.79000,-,0.60000,Tone,107.2,88.5,023,NN,FM,5,"Rancho Bernardo, Carmel Mountain Ranch",
358,W6TP,146.79000,-,0.60000,Tone,114.8,88.5,023,NN,FM,5,"San Francisco",
359,K6TZ,146.79000,-,0.60000,Tone,131.8,88.5,023,NN,FM,5,"Santa Barbara, La Vigia Hill",
360,W6JW,146.79000,-,0.60000,Tone,123.0,88.5,023,NN,FM,5,"Santa Clarita, Mad Mountain",
361,K6BJ,146.79000,-,0.60000,Tone,94.8,88.5,023,NN,FM,5,"Santa Cruz",
362,K6CSR,146.79000,-,0.60000,Tone,88.5,88.5,023,NN,Auto,5,"Santa Rosa, Parker Hill",
363,K6SIS,146.79000,-,0.60000,Tone,100.0,88.5,023,NN,FM,5,"Yreka, Gunsight Peak",
364,W6BA,146.79000,-,0.60000,Tone,136.5,136.5,023,NN,FM,5,"Yucca Valley",
365,W6SLO,146.80000,-,0.60000,Tone,127.3,88.5,023,NN,FM,5,"San Luis Obispo, Cuesta Peak",
366,KM6OU,146.80500,-,0.60000,Tone,118.8,88.5,023,NN,FM,5,"Leemore",
367,KE6HE,146.80500,-,0.60000,,88.5,88.5,023,NN,FM,5,"Long Beach",
368,KJ6HCX,146.80500,-,0.60000,Tone,127.3,88.5,023,NN,FM,5,"Oxnard",
369,KA6GWY,146.80500,-,0.60000,Tone,123.0,88.5,023,NN,FM,5,"Placerville",
370,K6ERN,146.80500,-,0.60000,Tone,100.0,88.5,023,NN,FM,5,"Simi Valley",
371,W6GTR,146.80500,-,0.60000,Tone,100.0,100.0,023,NN,Auto,5,"Wildomar, Inland Valley Hospital ",
372,K6SIS,146.82000,-,0.60000,Tone,100.0,88.5,023,NN,FM,5,"Dunsmuir",
373,KE6JZ,146.82000,-,0.60000,Tone,141.3,141.3,023,NN,FM,5,"Fresno",
374,WD6HDY,146.82000,-,0.60000,Tone,103.5,88.5,023,NN,FM,5,"Mendocino",
375,W6BYS,146.82000,-,0.60000,Tone,151.4,88.5,023,NN,FM,5,"Napa",
376,W6FNO,146.82000,-,0.60000,,88.5,88.5,023,NN,FM,5,"Onyx, Onyx Peak",
377,W6FNO,146.82000,-,0.60000,,88.5,88.5,023,NN,FM,5,"San Dimas, Johnstone Peak",
378,K6INC,146.82000,-,0.60000,Tone,123.0,88.5,023,NN,FM,5,"San Jose",
379,WD6INC,146.83500,-,0.60000,Tone,123.0,88.5,023,NN,FM,5,"Daly City",
380,K6ARC,146.83500,-,0.60000,Tone,100.0,88.5,023,NN,FM,5,"Pine Grove, Mount Zion",
381,W6SLO,146.83500,-,0.60000,Tone,127.3,88.5,023,NN,FM,5,"Pozo, Black Mountain",
382,AE6KE,146.83500,-,0.60000,Tone,94.8,88.5,023,NN,FM,5,"Santa Cruz, Loma Prieta",
383,KE6EAQ,146.83500,-,0.60000,Tone,88.5,88.5,023,NN,FM,5,"Santa Rosa",
384,W6RHC,146.85000,-,0.60000,Tone,110.9,88.5,023,NN,FM,5,"Chico",
385,W6JBT,146.85000,-,0.60000,Tone,146.2,88.5,023,NN,FM,5,"Crestline, Skyland Peak",
386,WQ6CWA,146.85000,-,0.60000,Tone,141.3,88.5,023,NN,FM,5,"Fresno",
387,K6LNK,146.85000,-,0.60000,Tone,162.2,88.5,023,NN,FM,5,"Oakland, Grizzly Peak",
388,WA6EWV,146.85000,-,0.60000,Tone,123.0,88.5,023,NN,FM,5,"South Lake Tahoe",
389,N6EVC,146.85000,-,0.60000,Tone,94.8,88.5,023,NN,FM,5,"Thousand Oaks, Grissom Pk",
390,W6SLO,146.86000,-,0.60000,Tone,127.3,88.5,023,NN,FM,5,"Los Osos",
391,KI6SUD,146.86500,-,0.60000,Tone,88.5,88.5,023,NN,FM,5,"Dillon Beach",
392,WA6BTH,146.86500,-,0.60000,Tone,146.2,88.5,023,NN,FM,5,"Pollock Pines",
393,KC6ULT,146.86500,-,0.60000,Tone,114.8,88.5,023,NN,FM,5,"Redwood City",
394,WA6LAW,146.88000,-,0.60000,Tone,162.2,88.5,023,NN,FM,5,"Black Mountain, Black Mountain",
395,W6HY,146.88000,-,0.60000,Tone,136.5,88.5,023,NN,FM,5,"Crescent City",
396,N6WB,146.88000,-,0.60000,Tone,107.2,88.5,023,NN,Auto,5,"Escondido",
397,NC6R,146.88000,-,0.60000,Tone,156.7,88.5,023,NN,FM,5,"Fiddletown",
398,WA6BAI,146.88000,-,0.60000,Tone,103.5,103.5,23,NN,P25,5,"Kings Canyon NP, Park Ridge",
399,KB6DWO,146.88000,-,0.60000,Tone,131.8,88.5,023,NN,FM,5,"Mammoth, Conway Summit",
400,W6BML,146.88000,-,0.60000,Tone,123.0,88.5,023,NN,FM,5,"Mt Shasta City",
401,WB6NDJ,146.88000,-,0.60000,Tone,77.0,88.5,023,NN,FM,5,"Oakland",
402,W6TJ,146.88000,-,0.60000,Tone,146.2,88.5,023,NN,FM,5,"Riverside,  Admin Bldg",
403,K6LRC,146.88000,-,0.60000,Tone,91.5,88.5,023,NN,FM,5,"Susanville, Shaffer Mountain",
404,W6YDZ,146.88000,-,0.60000,Tone,127.3,88.5,023,NN,FM,5,"Templeton",
405,K6ERN,146.88000,-,0.60000,Tone,127.3,88.5,023,NN,FM,5,"Ventura, Red Mountain",
406,K6CHO,146.89500,-,0.60000,,88.5,88.5,23,NN,DIG,5,"Chico",
407,KD6OI,146.89500,-,0.60000,Tone,118.8,118.8,023,NN,FM,5,"Idyllwild",
408,N5FDL,146.89500,-,0.60000,Tone,114.8,114.8,023,NN,FM,5,"Modesto, Mt Oso",
409,KC6QIT,146.89500,-,0.60000,Tone,100.0,88.5,023,NN,FM,5,"Orange Cove",
410,W6KRW,146.89500,-,0.60000,Tone,136.5,88.5,023,NN,FM,5,"San Clemente",
411,KB6FEC,146.89500,-,0.60000,Tone,110.9,88.5,023,NN,FM,5,"San Jose",
412,K6SYV,146.89500,-,0.60000,Tone,131.8,88.5,023,NN,FM,5,"Solvang",
413,W6KRW,146.89500,-,0.60000,Tone,136.5,88.5,023,NN,FM,5,"Tustin,  Lomas Peak",
414,W6LIE,146.91000,-,0.60000,Tone,100.0,88.5,023,NN,FM,5,"Bakersfield",
415,W6IY,146.91000,-,0.60000,Tone,103.5,88.5,023,NN,FM,5,"Bishop,  Silver Peak",
416,W6CTR,146.91000,-,0.60000,Tone,151.4,88.5,023,NN,FM,5,"Crestline, Jobs Peak",
417,K6SIS,146.91000,-,0.60000,Tone,100.0,88.5,023,NN,FM,5,"Happy Camp, Slater Butte",
418,WB6TMS,146.91000,-,0.60000,Tone,88.5,88.5,023,NN,FM,5,"Petaluma",
419,W6OPI,146.91000,-,0.60000,Tone,94.8,88.5,023,NN,FM,5,"Prunedale",
420,W6AK,146.91000,-,0.60000,Tone,162.2,88.5,023,NN,FM,5,"Sacramento, Downtown",
421,KI6BJN,146.91000,-,0.60000,Tone,100.0,100.0,023,NN,Auto,5,"San Diego, Otay Mountain",
422,W6IN,146.91000,-,0.60000,Tone,136.5,88.5,023,NN,FM,5,"San Fernando",
423,K6LRC,146.91000,-,0.60000,Tone,91.5,88.5,023,NN,FM,5,"Susanville, Fredonyer Peak",
424,KK6OAH,146.92000,-,0.60000,DTCS,88.5,88.5,023,NN,FM,5,"Fort Jones, Oro Fino Valley ",
425,WA6TFD,146.92500,-,0.60000,Tone,114.8,114.8,023,NN,FM,5,"Culver City, Baldwin Hills",
426,KA6SUB,146.92500,-,0.60000,Tone,71.9,71.9,023,NN,Auto,5,"Gold Run, Gold Run Hill",
427,KI6FEO,146.92500,-,0.60000,Tone,71.9,88.5,023,NN,FM,5,"Grass Valley",
428,K6TJS,146.92500,-,0.60000,Tone,123.0,88.5,023,NN,FM,5,"Los Banos",
429,WA6TOW,146.92500,-,0.60000,Tone,114.8,88.5,023,NN,FM,5,"Pacifica, North Peak",
430,N4SMF,146.92500,-,0.60000,Tone,85.4,88.5,023,NN,FM,5,"Redding, Bully Choop Mountain",
431,KC6TTZ,146.92500,-,0.60000,Tone,94.8,88.5,023,NN,FM,5,"Valley Springs",
432,KE6FUZ,146.94000,-,0.60000,Tone,131.8,88.5,023,NN,FM,5,"Anaheim,  Disneyland",
433,W6SLO,146.94000,-,0.60000,Tone,127.3,88.5,023,NN,FM,5,"Arroyo Grande, Lopez Mountain",
434,N6OV,146.94000,-,0.60000,Tone,103.5,88.5,023,NN,FM,5,"Bishop, Silver Peak",
435,WD6RAT,146.94000,-,0.60000,Tone,107.2,88.5,023,NN,FM,5,"Cathedral City, Edom Hill",
436,W6ECE,146.94000,-,0.60000,Tone,123.0,88.5,023,NN,FM,5,"Chico",
437,KI6B,146.94000,-,0.60000,Tone,88.5,88.5,023,NN,FM,5,"Guerneville",
438,K6AIR,146.94000,-,0.60000,Tone,123.0,88.5,023,NN,FM,5,"Los Altos Hills",
439,W6TO,146.94000,-,0.60000,Tone,141.3,88.5,023,NN,FM,5,"Meadow Lakes",
440,KE6TOI,146.94000,-,0.60000,Tone,127.3,88.5,023,NN,FM,5,"Newbury Park",
441,KI6PAU,146.94000,-,0.60000,Tone,94.8,94.8,023,NN,FM,5,"Point Sur, Lighthouse",
442,WO3B,146.94000,-,0.60000,Tone,136.5,88.5,023,NN,FM,5,"Shingle Springs",
443,WA6FJS,146.94000,-,0.60000,Tone,100.0,88.5,023,NN,FM,5,"Tahoe City",
444,WA6EFW,146.94000,-,0.60000,Tone,91.5,88.5,023,NN,FM,5,"Victorville",
445,AC6ET,146.95500,-,0.60000,Tone,88.5,88.5,023,NN,FM,5,"Ukiah",
446,W6NAD,146.95500,-,0.60000,,88.5,88.5,023,NN,FM,5,"Watsonville",
447,WB6HMD,146.97000,-,0.60000,Tone,100.0,88.5,023,NN,FM,5,"Alturas, Likely Mountain",
448,WA6TST,146.97000,-,0.60000,,88.5,88.5,023,NN,FM,5,"Barstow",
449,KI6B,146.97000,-,0.60000,Tone,103.5,88.5,023,NN,FM,5,"Cloverdale",
450,K6QEH,146.97000,-,0.60000,Tone,136.5,88.5,023,NN,FM,5,"Fullerton,  Raytheon Bldg 606",
451,W6ZN,146.97000,-,0.60000,Tone,74.4,74.4,023,NN,FM,5,"Monument Peak",
452,WB6YQN,146.97000,-,0.60000,Tone,127.3,127.3,023,NN,FM,5,"Oxnard, Near Oxnard Airport",
453,K6LY,146.97000,-,0.60000,Tone,94.8,88.5,023,NN,FM,5,"Pebble Beach, Huckleberry Hill",
454,AD1U,146.97000,-,0.60000,,88.5,88.5,023,NN,FM,5,"San Jose",
455,W6JW,146.97000,-,0.60000,Tone,123.0,88.5,023,NN,Auto,5,"Santa Clarita,  CLWD HQ",
456,K6YYJ,146.97000,-,0.60000,Tone,123.0,88.5,023,NN,FM,5,"Trona",
457,KE6WDX,146.97000,-,0.60000,Tone,100.0,100.0,023,NN,FM,5,"Visalia, Downtown Visalia",
458,KA3AJM,146.97000,-,0.60000,Tone,107.2,88.5,023,NN,FM,5,"Vista",
459,KE6YUV,146.97000,-,0.60000,Tone,123.0,88.5,023,NN,FM,5,"Woodland, Berryessa Peak",
460,K6FWR,146.98000,-,0.60000,Tone,103.5,88.5,023,NN,FM,5,"Dinsmore",
461,KK6ATA,146.98000,-,0.60000,Tone,127.3,88.5,023,NN,FM,5,"Paso Robles",
462,K6MAN,146.98500,-,0.60000,Tone,100.0,100.0,023,NN,Auto,5,"Manteca, Water Tower",
463,AB6OP,146.98500,-,0.60000,Tone,94.8,88.5,023,NN,FM,5,"Sacramento",
464,W6UU,146.98500,-,0.60000,Tone,114.8,88.5,023,NN,FM,5,"San Jose, Eagle Rock",
465,W6IBC,146.98500,-,0.60000,Tone,88.5,88.5,023,NN,FM,5,"Windsor",
466,KB6LJO,147.00000,+,0.60000,Tone,203.5,88.5,023,NN,FM,5,"Blythe,  McCoy Mountains",
467,K6CLX,147.00000,+,0.60000,Tone,162.2,162.2,023,NN,FM,5,"Calexico, Desert View Tower",
468,WB6BJM,147.00000,+,0.60000,,88.5,88.5,023,NN,FM,5,"Hollywood, Hollywood Hills",
469,,147.00000,-,0.60000,Tone,100.0,88.5,023,NN,FM,5,"Redding, South Fork Mountain",
470,WA6YBN,147.00000,+,0.60000,Tone,107.2,88.5,023,NN,FM,5,"Ridgecrest",
471,WB6OBB,147.00000,+,0.60000,Tone,131.8,88.5,023,NN,FM,5,"Santa Ynez, Broadcast Peak",
472,K6MVR,147.00000,-,0.60000,Tone,136.5,88.5,023,NN,FM,5,"Vacaville, Mt Vaca",
473,K6RMW,147.00000,+,0.60000,Tone,94.8,94.8,023,NN,FM,5,"Watsonville, Hospital",
474,K6FWR,147.00000,+,0.60000,Tone,103.5,88.5,023,NN,FM,5,"Willow Creek, Horse Mountain",
475,W6BXN,147.00000,+,0.60000,Tone,100.0,88.5,023,NN,FM,5,"Yosemite, Turtle Back Dome",
476,W6JMP,147.01250,split,,,88.5,88.5,23,NN,DIG,5,"El Dorado Hills",
477,N6GKJ,147.01500,+,0.60000,Tone,114.8,114.8,023,NN,FM,5,"Copperopolis, Gopher Ridge",
478,WA6PWW,147.01500,+,0.60000,Tone,103.5,88.5,023,NN,FM,5,"Fremont",
479,W6DD,147.01500,+,0.60000,Tone,151.4,88.5,023,NN,FM,5,"Grass Valley",
480,N6CAV,147.03000,+,0.60000,Tone,127.3,88.5,023,NN,FM,5,"Arroyo Grande",
481,WD6BNG,147.03000,+,0.60000,,88.5,88.5,023,NN,FM,5,"Barstow",
482,K6LDO,147.03000,+,0.60000,Tone,162.2,88.5,023,NN,FM,5,"Bel Air, UCLS Factor Building",
483,N6RDE,147.03000,+,0.60000,Tone,77.0,88.5,023,NN,FM,5,"Cameron Park",
484,KA6GBJ,147.03000,+,0.60000,Tone,107.2,88.5,023,NN,FM,5,"Desert Center",
485,N6XPG,147.03000,+,0.60000,Tone,100.0,100.0,023,NN,FM,5,"Diamond Bar",
486,K6RIF,147.03000,+,0.60000,Tone,103.5,103.5,023,NN,FM,5,"Escondido, Palomar Mountain",
487,K6MHE,147.03000,+,0.60000,Tone,103.5,88.5,023,NN,FM,5,"Fort Bragg",
488,N6XPG,147.03000,+,0.60000,Tone,136.5,136.5,023,NN,FM,5,"Fullerton",
489,W6BXN,147.03000,+,0.60000,Tone,100.0,100.0,023,NN,FM,5,"Mariposa, Mt Bullion",
490,WB6KHP,147.03000,+,0.60000,Tone,107.2,107.2,023,NN,FM,5,"San Jose",
491,WO6P,147.03000,+,0.60000,Tone,88.5,88.5,023,NN,FM,5,"Shingletown",
492,N6KMR,147.04500,+,0.60000,Tone,100.0,88.5,023,NN,Auto,5,"Alturas, Payne Peak",
493,N6NMZ,147.04500,+,0.60000,Tone,77.0,88.5,023,NN,FM,5,"Dobbins",
494,N6NMZ,147.04500,+,0.60000,Tone,156.7,88.5,023,NN,FM,5,"Maxwell, Coast Range Foothills",
495,W6SRR,147.04500,+,0.60000,Tone,94.8,94.8,023,NN,FM,5,"Pleasanton",
496,WD6EBY,147.06000,+,0.60000,Tone,127.3,127.3,023,NN,FM,5,"Carpinteria, Rincon Mtn.",
497,KF6QNJ,147.06000,+,0.60000,Tone,127.3,88.5,023,NN,FM,5,"Chula Vista",
498,N6LYE,147.06000,+,0.60000,Tone,141.3,141.3,23,NN,P25,5,"Coalinga, Joaquin Ridge",
499,W6CX,147.06000,+,0.60000,Tone,100.0,100.0,023,NN,FM,5,"Mt Diablo",
500,W6PWT,147.06000,+,0.60000,Tone,162.2,88.5,023,NN,FM,5,"Corona,  Norco Hills",
501,WB6HRO,147.06000,+,0.60000,Tone,100.0,100.0,023,NN,FM,5,"Costa Mesa, City Hall",
502,K6JSI,147.06000,+,0.60000,Tone,100.0,88.5,023,NN,FM,5,"Crescent City",
503,W6PRB,147.06000,+,0.60000,Tone,127.3,88.5,023,NN,FM,5,"Paso Robles",
504,W6RBW,147.06000,+,0.60000,Tone,103.5,88.5,023,NN,FM,5,"Rancho Palos Verdes",
505,W6IY,147.06000,+,0.60000,Tone,107.2,88.5,023,NN,FM,5,"Ridgecrest,  El Paso Peak",
506,W6PVG,147.06000,+,0.60000,,88.5,88.5,023,NN,FM,5,"Tehachapi",
507,W6BA,147.06000,+,0.60000,Tone,136.5,136.5,023,NN,FM,5,"Twentynine Palms",
508,W6CX,147.06000,+,0.60000,,88.5,88.5,23,NN,DIG,5,"Walnut Creek",
509,W6NWG,147.07500,+,0.60000,Tone,107.2,107.2,023,NN,FM,5,"Escondido, Palomar Mountain",
510,KD6JTD,147.07500,+,0.60000,Tone,100.0,88.5,023,NN,FM,5,"Hollywood, Hollywood Hills",
511,KN6RW,147.07500,+,0.60000,Tone,100.0,88.5,023,NN,FM,5,"Littlerock",
512,N6KMR,147.07500,+,0.60000,Tone,100.0,88.5,023,NN,Auto,5,"Lookout, Happy Camp Mtn",
513,N6JOQ,147.07500,+,0.60000,Tone,110.9,88.5,023,NN,FM,5,"Pomona,  Sunset Ridge",
514,KG6TAT,147.07500,+,0.60000,Tone,131.8,88.5,023,NN,FM,5,"Santa Barbara",
515,WB6CKT,147.09000,+,0.60000,Tone,100.0,88.5,023,NN,FM,5,"Belmont, City Hall",
516,W6CDF,147.09000,+,0.60000,Tone,123.0,88.5,023,NN,FM,5,"Blythe,  Black Rock",
517,AA6DP,147.09000,+,0.60000,,88.5,88.5,023,NN,FM,5,"Catalina Island, Airport",
518,KA6ROM,147.09000,+,0.60000,Tone,103.5,88.5,023,NN,FM,5,"Fortuna",
519,WB6ASU,147.09000,+,0.60000,Tone,114.8,114.8,023,NN,FM,5,"Lodi, Bear Mountain",
520,N6VQL,147.09000,+,0.60000,,88.5,88.5,23,NN,P25,5,"Meadow Lakes",
521,NC6I,147.09000,+,0.60000,Tone,88.5,88.5,023,NN,FM,5,"Redding",
522,N6YCK,147.10500,+,0.60000,Tone,110.9,88.5,023,NN,FM,5,"Elk Creek",
523,W7POR,147.10500,+,0.60000,Tone,141.3,88.5,023,NN,FM,5,"Fresno",
524,KN6KO,147.10500,+,0.60000,Tone,67.0,88.5,023,NN,FM,5,"Stockton",
525,WA6DY,147.10500,+,0.60000,Tone,100.0,88.5,023,NN,FM,5,"Sunnyvale",
526,N6NHI,147.12000,+,0.60000,Tone,118.8,88.5,023,NN,FM,5,"Arbuckle",
527,WR6AOK,147.12000,+,0.60000,Tone,94.8,88.5,023,NN,FM,5,"Ben Lomond",
528,WM6Z,147.12000,+,0.60000,Tone,103.5,88.5,023,NN,FM,5,"Black Mountain, Black Mountain",
529,N6VGU,147.12000,+,0.60000,Tone,136.5,88.5,023,NN,FM,5,"Burbank, Verdugo Mountain",
530,KI6WG,147.12000,+,0.60000,Tone,103.5,88.5,023,NN,FM,5,"Fall River Mills",
531,AD6KV,147.12000,+,0.60000,Tone,100.0,100.0,023,NN,FM,5,"Livermore",
532,WA6VPL,147.12000,+,0.60000,Tone,131.8,131.8,023,NN,FM,5,"Lompoc",
533,KF6SQL,147.12000,+,0.60000,Tone,162.2,88.5,023,NN,FM,5,"Sacramento",
534,KD6JTD,147.12000,+,0.60000,Tone,146.2,88.5,023,NN,FM,5,"Sylmar, Contractors Point",
535,K7GIL,147.12000,+,0.60000,Tone,91.5,88.5,023,NN,FM,5,"Victorville",
536,K6ACR,147.12000,+,0.60000,Tone,77.0,88.5,023,NN,FM,5,"Westley",
537,K7WWA,147.12000,+,0.60000,Tone,103.5,88.5,023,NN,FM,5,"Willits, Laughlin Ridge",
538,AB7BS,147.12000,+,0.60000,Tone,136.5,88.5,023,NN,FM,5,"Yreka, Gunsight Peak",
539,W6NWG,147.13000,+,0.60000,Tone,107.2,107.2,023,NN,FM,5,"Escondido, Palomar Mountain",
540,K6DK,147.15000,+,0.60000,Tone,131.8,131.8,023,NN,FM,5,"Baker, Shamrock Peak",
541,KG6KKV,147.15000,+,0.60000,Tone,100.0,88.5,023,NN,FM,5,"Bakersfield",
542,N6HEW,147.15000,+,0.60000,Tone,141.3,88.5,023,NN,FM,5,"Fresno",
543,KA6ROM,147.15000,+,0.60000,Tone,103.5,88.5,023,NN,FM,5,"Garberville",
544,WR6JPL,147.15000,+,0.60000,Tone,103.5,100.0,023,NN,FM,5,"La Canada, JPL Mesa",
545,K6DK,147.15000,+,0.60000,Tone,131.8,131.8,023,NN,FM,5,"Lake Hughes, Burnt Peak",
546,KB6FEC,147.15000,+,0.60000,,88.5,88.5,23,NN,DIG,5,"Livermore",
547,KB6FEC,147.15000,+,0.60000,,88.5,88.5,23,NN,DIG,5,"Livermore",
548,KB6FEC,147.15000,+,0.60000,,88.5,88.5,23,NN,DIG,5,"Magalia",
549,WB6WLV,147.15000,+,0.60000,Tone,107.2,88.5,023,NN,FM,5,"San Diego, Mount Laguna",
550,WA6YCZ,147.15000,+,0.60000,,88.5,88.5,023,NN,FM,5,"San Jose, Mt Umunhum",
551,K0AKS,147.15000,+,0.60000,Tone,127.3,88.5,023,NN,FM,5,"Thousand Oaks",
552,W6SF,147.16500,+,0.60000,Tone,107.2,107.2,023,NN,FM,5,"Fiddletown",
553,N6VRC,147.16500,+,0.60000,Tone,141.3,88.5,023,NN,FM,5,"Fresno",
554,KB6FEC,147.16500,+,0.60000,Tone,100.0,88.5,023,NN,FM,5,"San Jose",
555,WO6P,147.16500,+,0.60000,Tone,88.5,88.5,023,NN,FM,5,"Shingletown",
556,WA6TST,147.18000,+,0.60000,Tone,151.4,151.4,023,NN,FM,5,"Barstow, Flash II",
557,W6SH,147.18000,+,0.60000,Tone,110.9,88.5,023,NN,FM,5,"Coronado",
558,W6HY,147.18000,+,0.60000,Tone,136.5,88.5,023,NN,FM,5,"Gasquet",
559,W6CO,147.18000,+,0.60000,Tone,151.4,88.5,023,NN,FM,5,"Napa, Mt St Helena",
560,W6WGZ,147.18000,+,0.60000,Tone,146.2,88.5,023,NN,FM,5,"Oakhurst, Deadwood Peak",
561,W6LAR,147.18000,+,0.60000,Tone,88.5,88.5,023,NN,FM,5,"Redlands",
562,W6WLS,147.18000,+,0.60000,Tone,94.8,94.8,23,NN,P25,5,"Santa Cruz, Empire Grade",
563,KK6NJ,147.18000,+,0.60000,Tone,186.2,88.5,023,NN,FM,5,"Simi Valley",
564,K6JCC,147.19500,+,0.60000,Tone,114.8,114.8,023,NN,FM,5,"Alpine, Cuyamaca Peak",
565,K6JCC,147.19500,+,0.60000,Tone,107.2,88.5,023,NN,FM,5,"El Cajon, Lyons Peak",
566,K6JCC,147.19500,+,0.60000,Tone,203.5,88.5,023,NN,FM,5,"Escondido, Palomar Mountain",
567,WA7HRG,147.19500,+,0.60000,Tone,156.7,88.5,023,NN,FM,5,"Exeter",
568,W6NVY,147.19500,+,0.60000,Tone,131.8,88.5,023,NN,FM,5,"Glendale, Mt Lukens",
569,K6JCC,147.19500,+,0.60000,Tone,110.9,88.5,023,NN,FM,5,"Poway",
570,W6NVY,147.19500,+,0.60000,Tone,100.0,88.5,023,NN,FM,5,"Rancho Palos Verdes",
571,K6JCC,147.19500,+,0.60000,Tone,162.2,88.5,023,NN,FM,5,"San Clemente Island",
572,N6ICW,147.19500,+,0.60000,Tone,123.0,88.5,023,NN,FM,5,"Vacaville, Mt Vaca",
573,W6NVY,147.19500,+,0.60000,Tone,141.3,88.5,023,NN,FM,5,"Victorville,  Quartzite Mountain",
574,KC6EOC,147.21000,+,0.60000,Tone,100.0,88.5,023,NN,FM,5,"Bakersfield, Mt Adelaide",
575,WB6TCS,147.21000,+,0.60000,Tone,103.5,88.5,023,NN,FM,5,"Covelo, Anthony Pk",
576,W6WEE,147.21000,+,0.60000,Tone,141.3,88.5,023,NN,FM,5,"Grass Valley",
577,W6PH,147.21000,+,0.60000,Tone,103.5,88.5,023,NN,FM,5,"Lone Pine, Alabama Hills",
578,K6TJS,147.21000,+,0.60000,Tone,123.0,123.0,023,NN,FM,5,"Los Banos",
579,WB6TCS,147.21000,+,0.60000,Tone,100.0,88.5,023,NN,FM,5,"Oakland, Oakland Hills",
580,K6JSI,147.21000,+,0.60000,Tone,100.0,88.5,023,NN,FM,5,"Pomona, Sunset Ridge",
581,K6RFO,147.21000,+,0.60000,,88.5,88.5,023,NN,FM,5,"Ridgecrest",
582,N6VVY,147.21000,+,0.60000,Tone,91.5,88.5,023,NN,FM,5,"San Diego, Otay Mountain",
583,K6SYV,147.21000,+,0.60000,Tone,131.8,88.5,023,NN,Auto,5,"Santa Ynez, Figueroa Mountain",
584,N5FDL,147.21000,+,0.60000,Tone,114.8,114.8,023,NN,FM,5,"Stockton, Coronado Tower",
585,K6DCS,147.22500,+,0.60000,Tone,94.8,100.0,023,NN,FM,5,"Agoura, Castro Peak",
586,WA6ITC,147.22500,+,0.60000,Tone,162.2,88.5,023,NN,FM,5,"Big Bear Lake",
587,W6CPD,147.22500,+,0.60000,Tone,156.7,88.5,023,NN,FM,5,"Corona",
588,K6DCS,147.22500,+,0.60000,Tone,94.8,94.8,023,NN,FM,5,"Malibu, Castro Peak",
589,K6LLA,147.24000,+,0.60000,Tone,100.0,88.5,023,NN,FM,5,"Parkfield",
590,KA6DAC,147.24000,+,0.60000,Tone,103.5,88.5,023,NN,FM,5,"San Diego, Mount Laguna",
591,W6RGG,147.24000,+,0.60000,Tone,107.2,88.5,023,NN,FM,5,"San Leandro",
592,W6MEP,147.24000,+,0.60000,Tone,67.0,88.5,023,NN,FM,5,"Santa Clarita, Duck Mountain",
593,NR7A,147.24000,+,0.60000,Tone,123.0,88.5,023,NN,FM,5,"South Lake Tahoe, East Peak",
594,KW6WW,147.24000,+,0.60000,Tone,91.5,91.5,023,NN,FM,5,"Wrightwood",
595,WX6D,147.25500,+,0.60000,,88.5,88.5,23,NN,DIG,5,"Clovis",
596,W6MPA,147.25500,+,0.60000,Tone,146.2,88.5,023,NN,FM,5,"Mariposa",
597,N6QDY,147.25500,+,0.60000,Tone,123.0,156.7,023,NN,FM,5,"Placerville, El Dorado Hills",
598,N6QDY,147.25500,+,0.60000,Tone,123.0,156.7,023,NN,FM,5,"Tancred",
599,WA6RQX,147.27000,+,0.60000,Tone,114.8,88.5,023,NN,FM,5,"Anchor Bay",
600,K6RET,147.27000,+,0.60000,Tone,94.8,94.8,023,NN,FM,5,"Bakersfield, Pampa",
601,KC6TOX,147.27000,+,0.60000,Tone,127.3,88.5,023,NN,FM,5,"Cambria",
602,WB6BFN,147.27000,+,0.60000,Tone,156.7,88.5,023,NN,FM,5,"Palmdale,  Mt McDill",
603,WB6ECE,147.27000,+,0.60000,Tone,94.8,88.5,023,NN,FM,5,"Salinas, Mt Toro",
604,W6AEX,147.27000,+,0.60000,Tone,77.0,88.5,023,NN,FM,5,"Vacaville, Mt Vaca",
605,W6DD,147.28500,+,0.60000,Tone,151.4,88.5,023,NN,FM,5,"Grass Valley",
606,WR6HMB,147.28500,+,0.60000,Tone,114.8,88.5,023,NN,FM,5,"Half Moon Bay",
607,N6VRC,147.28500,+,0.60000,Tone,141.3,88.5,023,NN,FM,5,"Hanford",
608,KF6FWO,147.28500,+,0.60000,Tone,103.5,88.5,023,NN,FM,5,"San Jose",
609,WA6PPS,147.30000,+,0.60000,Tone,110.9,88.5,023,NN,FM,5,"Burbank,  Verdugo Mountain",
610,K6NP,147.30000,+,0.60000,Tone,141.3,88.5,023,NN,FM,5,"Chico",
611,K6JSI,147.30000,+,0.60000,Tone,123.0,88.5,023,NN,FM,5,"Cottonwood",
612,N6SGW,147.30000,+,0.60000,Tone,77.0,88.5,023,NN,FM,5,"Dinuba",
613,W6DXW,147.30000,+,0.60000,Tone,94.8,94.8,023,NN,FM,5,"Fresno",
614,KA6OLD,147.30000,+,0.60000,Tone,91.5,88.5,023,NN,FM,5,"Hesperia",
615,K6PAC,147.30000,+,0.60000,Tone,67.0,88.5,023,NN,Auto,5,"Lincoln",
616,N6PWY,147.30000,+,0.60000,Tone,103.5,88.5,023,NN,FM,5,"Poway",
617,K6NP,147.30000,+,0.60000,Tone,179.9,88.5,023,NN,FM,5,"Sacramento",
618,N6MPX,147.30000,+,0.60000,Tone,100.0,88.5,023,NN,FM,5,"San Mateo",
619,W6AB,147.30000,+,0.60000,Tone,131.8,88.5,023,NN,FM,5,"Santa Maria, Marian Med Ctr",
620,WB6QHB,147.30000,+,0.60000,Tone,123.0,123.0,023,NN,FM,5,"Upland",
621,N6NMZ,147.31500,+,0.60000,Tone,77.0,88.5,023,NN,FM,5,"Auburn",
622,KQ6RC,147.31500,+,0.60000,,88.5,88.5,023,NN,FM,5,"Hayward",
623,N6SBC,147.31500,+,0.60000,Tone,94.8,88.5,023,NN,FM,5,"Hollister",
624,N6VQL,147.31500,+,0.60000,Tone,141.3,141.3,23,NN,P25,5,"Meadow Lakes",
625,KD6PDD,147.31500,+,0.60000,Tone,162.2,88.5,023,NN,FM,5,"Roseville",
626,W6SON,147.31500,+,0.60000,Tone,88.5,88.5,023,NN,FM,5,"Sebastopol, English Hill",
627,K6BB,147.33000,+,0.60000,Tone,131.8,88.5,023,NN,FM,5,"Big Bear Lake",
628,N6DL,147.33000,+,0.60000,Tone,100.0,88.5,023,NN,FM,5,"Coalinga, Santa Rita Peak",
629,K6PAC,147.33000,+,0.60000,Tone,123.0,88.5,023,NN,FM,5,"Lincoln",
630,K7DAA,147.33000,+,0.60000,Tone,103.5,88.5,023,NN,FM,5,"Morgan Hill",
631,K6GWE,147.33000,+,0.60000,Tone,203.5,88.5,023,NN,FM,5,"Novato",
632,K6JSI,147.33000,+,0.60000,Tone,123.0,88.5,023,NN,FM,5,"Paradise",
633,K6GWE,147.33000,+,0.60000,Tone,173.8,88.5,023,NN,FM,5,"San Rafael, San Pedro Ridge",
634,KM6TE,147.33000,+,0.60000,Tone,103.5,88.5,023,NN,FM,5,"Weott",
635,K6VGP,147.36000,+,0.60000,Tone,103.5,88.5,023,NN,FM,5,"Altadena, Mt Disappointment",
636,K6VGP,147.36000,+,0.60000,Tone,103.5,88.5,023,NN,FM,5,"Altadena, Mt Wilson",
637,K6IOK,147.36000,+,0.60000,Tone,123.0,88.5,023,NN,FM,5,"Auburn",
638,K6VGP,147.36000,+,0.60000,Tone,103.5,88.5,023,NN,FM,5,"Burbank, Verdugo Mountain",
639,N6KMR,147.36000,+,0.60000,Tone,100.0,88.5,023,NN,FM,5,"Davis Creek",
640,W6TI,147.36000,+,0.60000,Tone,110.9,88.5,023,NN,FM,5,"Palo Alto, Black Mountain",
641,K6VGP,147.36000,+,0.60000,Tone,97.4,88.5,023,NN,FM,5,"Rancho Palos Verdes",
642,KK6JP,147.36000,+,0.60000,Tone,162.2,88.5,023,NN,FM,5,"Redding",
643,W6FM,147.36000,+,0.60000,Tone,127.3,88.5,023,NN,FM,5,"San Luis Obispo, Mt Lowe",
644,K6NYB,147.37500,-,0.60000,Tone,67.0,67.0,023,NN,FM,5,"Frazier Park, Mt Pinos",
645,,147.39000,+,0.60000,Tone,141.3,141.3,23,NN,P25,5,"Centerville, Bear Mountain",
646,W6HY,147.39000,+,0.60000,Tone,136.5,88.5,023,NN,FM,5,"Crescent City, Flynn Center",
647,N6IB,147.39000,+,0.60000,Tone,141.3,141.3,023,NN,FM,5,"Meadow Lakes",
648,N6FR,147.39000,+,0.60000,Tone,136.5,88.5,023,NN,FM,5,"Sacramento",
649,W6PIY,147.39000,+,0.60000,Tone,151.4,88.5,023,NN,FM,5,"San Jose, Good Samaritan Hosp",
650,AA7SQ,147.39000,+,0.60000,Tone,100.0,88.5,023,NN,FM,5,"Victorville",
651,N6VQL,147.39000,+,0.60000,Tone,127.3,88.5,23,NN,P25,5,"Visalia",
652,WA6RQX,147.39000,+,0.60000,Tone,103.5,88.5,023,NN,FM,5,"Willits, Laughlin Ridge",
653,WA6BGS,147.42000,split,,Tone,107.2,107.2,023,NN,FM,5,"El Cajon",
654,AA6RJ,147.42000,split,,Tone,131.8,88.5,023,NN,FM,5,"Rancho Palos Verdes",
655,K6MWT,147.43500,split,,Tone,103.5,88.5,023,NN,FM,5,"Lake Forest, Santiago Peak",
656,WB6HII,147.44500,-,0.60000,Tone,103.5,103.5,023,NN,FM,5,"Eureka, Bunker Hill",
657,W6NUT,147.45000,split,,Tone,127.3,88.5,023,NN,FM,5,"Corona, Sierra Peak",
658,W6NUT,147.45000,split,,Tone,127.3,88.5,023,NN,FM,5,"Los Angeles, Contract Point",
659,W6VLD,147.46500,-,0.60000,Tone,103.5,103.5,023,NN,FM,5,"Huntington Beach, Boeing",
660,AA6TL,147.49500,split,,Tone,186.2,186.2,023,NN,FM,5,"Glendale, Mt Lukens",
661,K6PBT,147.52500,,0.0,Tone,123.0,88.5,023,NN,FM,5,"Paradise",
662,W6CPA,147.54000,split,,,88.5,88.5,23,NN,DV,5,"Wrightwood, Blue Ridge",
663,KI6WZX,147.55000,split,,,88.5,88.5,23,NN,DV,5,"Running Springs, Keller Peak",
664,WA6IRC,147.56000,split,,,88.5,88.5,23,NN,DV,5,"Sylmar,  Contractors Point",
665,W6HRO,147.57000,split,,,88.5,88.5,23,NN,DV,5,"Anaheim,  HRO",
666,KB6HRO,147.57000,-,0.60000,Tone,100.0,88.5,023,NN,Auto,5,"Burbank, HRO",
667,KI6MGN,147.57000,split,,,88.5,88.5,23,NN,DV,5,"Escondido, Palomar Mountain",
668,KJ6KTV,147.57000,split,,,88.5,88.5,23,NN,DV,5,"Twentynine Palms",
669,KK6EUC,147.60000,-,0.60000,,88.5,88.5,023,NN,FM,5,"Bakersfield, Gem Care Building",
670,W6LY,147.61500,-,0.60000,Tone,136.5,88.5,023,NN,FM,5,"Laguna Woods",
671,K6BBK,147.61500,-,0.60000,Tone,136.5,88.5,023,NN,P25,5,"Oxnard",
672,KI6JVF,147.61500,-,0.60000,Tone,186.2,88.5,023,NN,FM,5,"Running Springs",
673,KC6OKB,147.64500,-,0.60000,Tone,103.5,88.5,023,NN,FM,5,"Big Bear Lake",
674,KI6BKN,147.64500,-,0.60000,,88.5,88.5,023,NN,FM,5,"Green Valley",
675,K6SOA,147.64500,-,0.60000,Tone,110.9,88.5,023,NN,FM,5,"Laguna Beach",
676,K6RIA,147.64500,-,0.60000,Tone,127.3,127.3,023,NN,FM,5,"Rialto, Fire station",
677,K6ARP,147.67500,-,0.60000,Tone,141.3,88.5,023,NN,FM,5,"Clovis, Meadow Lakes Ridge",
678,KS6HRP,147.67500,-,0.60000,,88.5,88.5,23,NN,DV,5,"Folsom",
679,W6MTF,147.67500,+,0.60000,Tone,114.8,88.5,023,NN,FM,5,"Redwood City",
680,WG6LEE,147.67500,+,0.60000,Tone,162.2,88.5,023,NN,FM,5,"Saratoga",
681,N1PPP,147.67500,-,0.60000,Tone,179.9,179.9,023,NN,FM,5,"Upper Lake, Hunter Point",
682,WD6APP,147.70500,-,0.60000,Tone,107.2,88.5,023,NN,FM,5,"La Mesa",
683,K6ECS,147.70500,-,0.60000,Tone,167.9,167.9,023,NN,FM,5,"Running Springs",
684,K6ECS,147.70500,-,0.60000,Tone,131.8,88.5,023,NN,FM,5,"Victorville, Table Mtn",
685,WB6CDF,147.70500,-,0.60000,Tone,123.0,88.5,023,NN,FM,5,"Yucca Valley, Yucca Mesa Area",
686,KB6C,147.73500,-,0.60000,Tone,100.0,88.5,023,NN,FM,5,"Chatsworth, Oat Mountain",
687,WA6HAM,147.73500,-,0.60000,Tone,107.2,88.5,023,NN,FM,5,"Concord, Kregor Peak",
688,K6LLU,147.73500,-,0.60000,Tone,118.8,88.5,023,NN,FM,5,"Loma Linda,  LLUMC",
689,W6DXW,147.73500,-,0.60000,Tone,110.9,110.9,023,NN,FM,5,"Monterey",
690,N6VRC,147.73500,-,0.60000,Tone,141.3,88.5,023,NN,FM,5,"Saratoga",
691,K6SS,147.76500,-,0.60000,Tone,123.0,88.5,023,NN,FM,5,"Pine Mountain Club",
692,AA6WS,147.76500,-,0.60000,Tone,79.7,88.5,023,NN,FM,5,"San Diego, Rattlesnake Peak",
693,W6QFK,147.76500,-,0.60000,Tone,131.8,88.5,023,NN,FM,5,"Sierra Madre, Santa Anita Ridge",
694,K6ERN,147.76500,-,0.60000,Tone,127.3,127.3,023,NN,FM,5,"Ventura, Olivas Park",
695,KJ6NLG,147.76500,-,0.60000,Tone,97.4,88.5,023,NN,FM,5,"Victorville",
696,KF6ALA,147.82500,-,0.60000,Tone,88.5,88.5,023,NN,FM,5,"Alameda",
697,AG6AU,147.82500,-,0.60000,Tone,82.5,88.5,023,NN,FM,5,"Camino, Mt Danaher",
698,WB6NIL,147.82500,-,0.60000,Tone,123.0,88.5,023,NN,FM,5,"Coarsegold",
699,W6ABR,147.82500,-,0.60000,Tone,103.5,88.5,023,NN,FM,5,"Gualala",
700,W6GGF,147.82500,-,0.60000,Tone,100.0,88.5,023,NN,FM,5,"Morgan Hill",
701,K6AIL,147.85500,-,0.60000,Tone,100.0,88.5,023,NN,FM,5,"Borrego Springs",
702,W6LMU,147.85500,-,0.60000,Tone,127.3,88.5,023,NN,FM,5,"Inglewood,  Loyola",
703,WA6YNT,147.85500,-,0.60000,Tone,100.0,88.5,023,NN,FM,5,"Placentia",
704,WA6TEM,147.85500,-,0.60000,Tone,100.0,88.5,023,NN,FM,5,"San Jose",
705,WW6Y,147.85500,-,0.60000,Tone,186.2,88.5,023,NN,FM,5,"Victorville, Quartzite Mountain",
706,W6CPD,147.88500,-,0.60000,Tone,88.5,88.5,023,NN,FM,5,"Corona",
707,WA6TST,147.88500,-,0.60000,Tone,151.4,88.5,023,NN,FM,5,"Ludlow",
708,N6JMI,147.88500,-,0.60000,Tone,127.3,127.3,023,NN,FM,5,"Newbury Park, Rasnow Peak",
709,K6AIL,147.88500,-,0.60000,Tone,107.2,88.5,023,NN,FM,5,"San Diego,  Sharp Hospital",
710,W6CDF,147.91500,-,0.60000,Tone,123.0,88.5,023,NN,FM,5,"Banning,  Mt Edna",
711,K6ERN,147.91500,-,0.60000,Tone,127.3,88.5,023,NN,FM,5,"Camarillo Springs",
712,KI6IGR,147.91500,-,0.60000,Tone,100.0,88.5,023,NN,FM,5,"Canyon Lake",
713,W6THC,147.91500,-,0.60000,,88.5,88.5,023,NN,FM,5,"Carlsbad",
714,K6GHM,147.91500,-,0.60000,Tone,114.8,88.5,023,NN,FM,5,"El Cajon, Mt Helix",
715,KE6GUC,147.91500,-,0.60000,Tone,67.0,88.5,023,NN,FM,5,"Juniper Hills",
716,K6COV,147.91500,-,0.60000,Tone,136.5,88.5,023,NN,FM,5,"Orange",
717,W6NO,147.91500,-,0.60000,Tone,103.5,88.5,023,NN,FM,5,"Santa Maria",
718,WA6OSB,147.91500,-,0.60000,Tone,151.4,151.4,23,NN,P25,5,"Santee",
719,KF6JWT,147.94500,-,0.60000,Tone,136.5,88.5,023,NN,FM,5,"Chatsworth,  Oat Mountain",
720,W6FEJ,147.94500,-,0.60000,Tone,100.0,88.5,023,NN,FM,5,"Columbia",
721,K6JTH,147.94500,-,0.60000,Tone,156.7,88.5,023,NN,FM,5,"Crestline",
722,N6QDY,147.94500,-,0.60000,Tone,77.0,88.5,023,NN,FM,5,"Milpitas",
723,AF6AP,147.94500,-,0.60000,Tone,123.0,88.5,023,NN,FM,5,"Quincy",
724,N6WYF,147.94500,-,0.60000,Tone,107.2,88.5,023,NN,FM,5,"San Diego",
725,KK6KD,147.94500,-,0.60000,Tone,107.2,88.5,023,NN,Auto,5,"San Diego, Mt. San Miguel",
726,W6ABR,147.94500,-,0.60000,Tone,88.5,88.5,023,NN,FM,5,"Sea Ranch",
727,KI6EH,147.94500,-,0.60000,Tone,94.8,94.8,023,NN,FM,5,"Watsonville, Fire Station",
728,K6ACS,147.97500,-,0.60000,Tone,88.5,88.5,023,NN,FM,5,"Cazadero",
729,N6TZG,147.97500,-,0.60000,Tone,110.9,88.5,023,NN,FM,5,"Chico, Platte Mountain",
730,WD6DPY,147.97500,-,0.60000,Tone,114.8,88.5,023,NN,FM,5,"Fullerton",
731,KB6LED,147.97500,-,0.60000,Tone,156.7,88.5,023,NN,FM,5,"Hayward",
732,KB6LED,147.97500,-,0.60000,Tone,123.0,88.5,023,NN,FM,5,"Newark",
733,K6TUO,147.97500,-,0.60000,Tone,100.0,88.5,023,NN,FM,5,"Pinecrest",
734,WI6RE,147.97500,-,0.60000,Tone,100.0,88.5,023,NN,FM,5,"Ridgecrest, El Paso Peak",
735,N6VUY,147.97500,-,0.60000,,88.5,88.5,023,NN,FM,5,"Ventura",
736,AA7SQ,147.99000,-,0.60000,,88.5,88.5,023,NN,FM,5,"El Mirage",
737,W6JAM,147.99000,-,0.60000,Tone,77.0,88.5,023,NN,FM,5,"Escondido, Palomar Mountain",
738,W6JAM,147.99000,-,0.60000,,88.5,88.5,023,NN,FM,5,"High Pass",
739,WB6MIA,147.99000,-,0.60000,Tone,127.3,88.5,023,NN,FM,5,"Nipomo",
740,N6JAM,147.99000,-,0.60000,Tone,156.7,88.5,023,NN,FM,5,"Pine Valley, Stephenson Peak",
741,W6JAM,147.99000,-,0.60000,Tone,91.5,88.5,023,NN,FM,5,"San Diego, Otay Mountain",
