Location,Name,Frequency,Duplex,Offset,Tone,rToneFreq,cToneFreq,DtcsCode,DtcsPolarity,Mode,TStep,Comment
1,KC7NP,425.42500,split,,,88.5,88.5,23,NN,DIG,5,"Moreno Valley",
2,W6IOS,430.30000,+,5.00000,,88.5,88.5,023,NN,FM,5,"San Jose",
3,KI6PNB,440.00000,+,5.00000,Tone,100.0,88.5,023,NN,FM,5,"Chico",
4,WA6FSP,440.00000,+,5.00000,Tone,110.9,88.5,023,NN,FM,5,"Fremont",
5,N6VRC,440.00250,+,5.00000,Tone,141.3,88.5,023,NN,FM,5,"Fresno",
6,W6PE,440.01250,+,5.00000,,88.5,88.5,23,NN,DIG,5,"Sonoma",
7,KI6KGN,440.02500,+,5.00000,Tone,167.9,88.5,023,NN,FM,5,"Fremont",
8,N6TZE,440.02500,+,5.00000,Tone,114.8,88.5,023,NN,FM,5,"Pacifica",
9,WA6RQZ,440.02500,+,5.00000,Tone,141.3,88.5,023,NN,FM,5,"Ukiah",
10,WV6F,440.02500,+,5.00000,Tone,127.3,88.5,023,NN,FM,5,"Vacaville",
11,W6YYY,440.03750,+,5.00000,,88.5,88.5,23,NN,DIG,5,"Morgan Hill, Loma Prieta",
12,KQ6YG,440.05000,+,5.00000,Tone,156.7,88.5,023,NN,FM,5,"Hayward",
13,W6CO,440.05000,+,5.00000,Tone,127.3,88.5,23,NN,DV,5,"Napa, Mt St Helena",
14,NA0SA,440.05000,+,5.00000,,88.5,88.5,023,NN,FM,5,"Redding",
15,WX6D,440.06250,+,5.00000,,88.5,88.5,23,NN,DIG,5,"Clovis",
16,KE6YJC,440.06250,+,5.00000,,88.5,88.5,23,NN,DIG,5,"Fresno",
17,K6LO,440.07500,+,5.00000,,88.5,88.5,23,NN,DIG,5,"Angwin",
18,KR6WP,440.07500,+,5.00000,Tone,114.8,114.8,023,NN,FM,5,"Belmont",
19,KE6DXF,440.07500,+,5.00000,Tone,131.8,88.5,023,NN,FM,5,"Stockton",
20,WA6RQX,440.07500,+,5.00000,,88.5,88.5,023,NN,FM,5,"Willits",
21,KO6CW,440.10000,+,5.00000,Tone,151.4,88.5,023,NN,FM,5,"Grass Valley",
22,WA6DQP,440.10000,+,5.00000,Tone,114.8,88.5,023,NN,FM,5,"La Honda",
23,N5TEN,440.10000,+,5.00000,,88.5,88.5,023,NN,FM,5,"Loyalton",
24,KJ6BDK,440.10000,+,5.00000,Tone,100.0,88.5,023,NN,FM,5,"McKinleyville",
25,K6LO,440.10000,+,5.00000,,88.5,88.5,23,NN,DIG,5,"Saint Helena, Deer Park",
26,W6SMQ,440.10000,+,5.00000,Tone,127.3,88.5,023,NN,FM,5,"San Jose",
27,W6WPT,440.10000,+,5.00000,Tone,100.0,100.0,023,NN,Auto,5,"West Point, California",
28,N6RDE,440.12500,+,5.00000,,88.5,88.5,023,NN,FM,5,"Cameron Park",
29,K6CHG,440.12500,+,5.00000,,88.5,88.5,23,NN,DIG,5,"Cazadero",
30,W6AMT,440.12500,+,5.00000,,88.5,88.5,23,NN,DIG,5,"Cupertino",
31,W6TCP,440.12500,+,5.00000,,88.5,88.5,23,NN,DIG,5,"Mt Allison, California",
32,KF6FGL,440.12500,+,5.00000,Tone,110.9,110.9,023,NN,FM,5,"Meadow Lakes, Fresno",
33,WA6VPL,440.12500,+,5.00000,Tone,91.5,88.5,023,NN,FM,5,"Santa Maria",
34,NN6J,440.13750,+,5.00000,,88.5,88.5,23,NN,DIG,5,"Hopland, Sanel Mountain",
35,K6PIT,440.13750,+,5.00000,,88.5,88.5,23,NN,DIG,5,"Pittsburg",
36,W6TDM,440.15000,+,5.00000,Tone,100.0,88.5,023,NN,FM,5,"Cupertino",
37,W6OF,440.15000,+,5.00000,,88.5,88.5,023,NN,FM,5,"Zamora",
38,K6GOD,440.17500,+,5.00000,Tone,131.8,88.5,023,NN,FM,5,"Berkeley",
39,K6GOD,440.17500,+,5.00000,Tone,131.8,131.8,023,NN,FM,5,"Fremont, Mission Peak",
40,NA0SA,440.17500,+,5.00000,,88.5,88.5,023,NN,FM,5,"Redding",
41,W6BXN,440.18750,+,5.00000,,88.5,88.5,23,NN,DIG,5,"Modesto, Mt Oso",
42,K6ACR,440.18750,+,5.00000,,88.5,88.5,23,NN,DIG,5,"San Luis Obispo, Tassajera Peak",
43,N6BDE,440.20000,+,5.00000,Tone,123.0,88.5,023,NN,FM,5,"Palo Alto",
44,KU6P,440.20000,+,5.00000,Tone,131.8,88.5,023,NN,FM,5,"Sacramento",
45,KD6CJQ,440.20000,+,5.00000,Tone,88.5,88.5,023,NN,FM,5,"Santa Rosa",
46,K6LNK,440.21250,+,5.00000,,88.5,88.5,23,NN,DIG,5,"Walnut Creek",
47,WD6EJF,440.22500,+,5.00000,Tone,136.5,88.5,023,NN,FM,5,"Modesto, Mt Oso",
48,K6LLC,440.22500,+,5.00000,Tone,123.0,88.5,023,NN,FM,5,"San Jose",
49,WO6P,440.22500,+,5.00000,Tone,100.0,88.5,023,NN,FM,5,"Shingletown",
50,N6GVI,440.25000,+,5.00000,,88.5,88.5,023,NN,FM,5,"Novato",
51,AB6MJ,440.25000,+,5.00000,Tone,186.2,186.2,023,NN,FM,5,"Porterville",
52,N6QGZ,440.27500,+,5.00000,Tone,118.8,118.8,023,NN,FM,5,"Mt Shasta City, Gray Butte",
53,WA6YOP,440.27500,+,5.00000,Tone,127.3,127.3,023,NN,FM,5,"San Jose",
54,K1BMW,440.27500,+,5.00000,Tone,114.8,114.8,023,NN,FM,5,"Tahoe City",
55,N6AMG,440.30000,+,5.00000,,88.5,88.5,023,NN,FM,5,"Mt Diablo",
56,W6BXN,440.30000,+,5.00000,Tone,94.8,88.5,023,NN,FM,5,"Grant Cove, Buck Rock",
57,K6CHG,440.32500,+,5.00000,,88.5,88.5,23,NN,DIG,5,"Bodega Bay",
58,WB6FRM,440.32500,+,5.00000,Tone,127.3,127.3,023,NN,FM,5,"Concord",
59,N0ASA,440.32500,+,5.00000,Tone,100.0,88.5,023,NN,FM,5,"Lakehead",
60,NI6M,440.35000,+,5.00000,Tone,141.3,88.5,023,NN,FM,5,"Clovis",
61,AB6LI,440.35000,+,5.00000,Tone,156.7,88.5,023,NN,FM,5,"Folsom",
62,KM6EF,440.35000,+,5.00000,Tone,123.0,88.5,023,NN,FM,5,"Oakland",
63,N6AMG,440.37500,+,5.00000,,88.5,88.5,023,NN,FM,5,"Fresno",
64,N6TNR,440.37500,+,5.00000,,88.5,88.5,023,NN,FM,5,"San Jose",
65,WB6WTM,440.40000,+,5.00000,Tone,127.3,88.5,023,NN,FM,5,"Berkeley",
66,WA6BAI,440.40000,+,5.00000,Tone,103.5,88.5,023,NN,FM,5,"Visalia,  Park Ridge",
67,KG6PND,440.42500,+,5.00000,Tone,123.0,88.5,023,NN,FM,5,"Marysville",
68,WA6HAM,440.42500,+,5.00000,Tone,79.7,88.5,023,NN,FM,5,"San Ramon",
69,K6EAR,440.45000,+,5.00000,Tone,88.5,88.5,023,NN,FM,5,"Santa Rosa",
70,N6BYH,440.45000,+,5.00000,Tone,141.3,141.3,023,NN,FM,5,"Visalia",
71,W6KAP,440.45000,+,5.00000,Tone,127.3,88.5,023,NN,FM,5,"Volcano",
72,W6DXW,440.45000,+,5.00000,Tone,110.9,110.9,023,NN,FM,5,"Watsonville",
73,N6ZX,440.45000,+,5.00000,Tone,107.2,88.5,023,NN,Auto,5,"Woodside",
74,K6GOD,440.47500,+,5.00000,Tone,107.2,88.5,023,NN,FM,5,"Morgan Hill, Crystal Peak",
75,KC6UDS,440.47500,+,5.00000,Tone,192.8,88.5,023,NN,FM,5,"Woodland",
76,WA6UHF,440.50000,+,5.00000,,88.5,88.5,023,NN,FM,5,"Chico",
77,N6AMG,440.50000,+,5.00000,,88.5,88.5,23,NN,DIG,5,"Daly City, San Bruno Mountain",
78,N6AMG,440.50000,+,5.00000,,88.5,88.5,23,NN,DIG,5,"San Bruno",
79,N6AMG,440.50000,+,5.00000,,88.5,88.5,023,NN,FM,5,"Westley",
80,N6LEX,440.52500,+,5.00000,Tone,146.2,88.5,023,NN,FM,5,"Coalinga",
81,KB6LCS,440.52500,+,5.00000,Tone,192.8,88.5,023,NN,FM,5,"Grass Valley",
82,N6MM,440.52500,+,5.00000,Tone,110.9,88.5,023,NN,FM,5,"Newark, City by the bay",
83,N6LEX,440.52500,+,5.00000,Tone,146.2,88.5,023,NN,FM,5,"Soledad",
84,KB6LCS,440.52500,+,5.00000,Tone,136.5,88.5,023,NN,FM,5,"Vacaville",
85,WB6RHC,440.55000,+,5.00000,,88.5,88.5,023,NN,FM,5,"Chico",
86,W6RV,440.55000,+,5.00000,Tone,100.0,88.5,023,NN,FM,5,"San Anselmo",
87,AB6VS,440.55000,+,5.00000,Tone,94.8,88.5,023,NN,FM,5,"Santa Cruz",
88,KE6KUA,440.55000,+,5.00000,Tone,114.8,88.5,023,NN,FM,5,"Twain Harte",
89,W6EK,440.57500,+,5.00000,Tone,162.2,88.5,023,NN,FM,5,"Auburn",
90,KA6ZRJ,440.57500,+,5.00000,Tone,114.8,88.5,023,NN,FM,5,"Morgan Hill",
91,W6EBW,440.57500,+,5.00000,Tone,118.8,88.5,023,NN,FM,5,"Oakland",
92,KI6FEO,440.60000,+,5.00000,Tone,107.2,88.5,023,NN,FM,5,"Livermore, Cedar Ridge",
93,K6HN,440.60000,+,5.00000,,88.5,88.5,023,NN,FM,5,"South San Francisco",
94,WA6HAM,440.62500,+,5.00000,,88.5,88.5,023,NN,FM,5,"Orinda",
95,W6SLZ,440.62500,+,5.00000,Tone,100.0,88.5,023,NN,FM,5,"Tehachapi, Tehachapi Mountains",
96,KC6WYA,440.65000,+,5.00000,Tone,127.3,88.5,023,NN,FM,5,"Antioch",
97,W6RHC,440.65000,+,5.00000,Tone,110.9,88.5,023,NN,FM,5,"Chico",
98,N6TRB,440.65000,+,5.00000,,88.5,88.5,23,NN,DIG,5,"Danville",
99,KC6TYG,440.65000,+,5.00000,Tone,94.8,88.5,023,NN,FM,5,"Los Gatos",
100,KG6MZV,440.65000,+,5.00000,,88.5,88.5,23,NN,DIG,5,"Novato",
101,N6EJX,440.67500,+,5.00000,,88.5,88.5,023,NN,FM,5,"Chico",
102,W6EMS,440.67500,+,5.00000,Tone,146.2,88.5,023,NN,FM,5,"Coalinga, Santa Rita Peak",
103,K6TEA,440.67500,+,5.00000,,88.5,88.5,023,NN,FM,5,"Daly City",
104,K6CV,440.70000,+,5.00000,Tone,123.0,88.5,023,NN,FM,5,"Brisbane",
105,WA6BTH,440.70000,+,5.00000,Tone,123.0,88.5,023,NN,FM,5,"Placerville",
106,W6RTF,440.70000,+,5.00000,Tone,100.0,100.0,023,NN,Auto,5,"Salinas",
107,W6SAR,440.70000,+,5.00000,Tone,131.8,131.8,023,NN,FM,5,"Truckee, Donner Peak",
108,WB6HEV,440.72500,+,5.00000,Tone,162.2,88.5,023,NN,FM,5,"Fair Oaks",
109,WA6AFT,440.72500,+,5.00000,,88.5,88.5,023,NN,FM,5,"Pacifica",
110,K6JKL,440.75000,+,5.00000,Tone,114.8,88.5,023,NN,FM,5,"Coalinga",
111,K6LNK,440.75000,+,5.00000,Tone,173.8,107.2,023,NN,FM,5,"Vacaville, Mt Vaca",
112,N6BLA,440.77500,+,5.00000,,88.5,88.5,023,NN,FM,5,"Concord",
113,N6LYE,440.80000,+,5.00000,Tone,114.8,114.8,23,NN,P25,5,"Mariposa, Mt Bullion",
114,N6LYE,440.80000,+,5.00000,Tone,107.2,88.5,23,NN,P25,5,"Modesto, Mt Oso",
115,W6ASH,440.80000,+,5.00000,Tone,100.0,88.5,023,NN,FM,5,"Mountain View, El Camino Hospital ",
116,WB6IXH,440.82500,+,5.00000,,88.5,88.5,023,NN,FM,5,"Berkeley",
117,W6KGB,440.82500,+,5.00000,,88.5,88.5,023,NN,FM,5,"Porterville, Jordan Peak",
118,N6LYE,440.83750,+,5.00000,Tone,114.8,114.8,23,NN,P25,5,"Mariposa, Mt Bullion",
119,KE6CUW,440.85000,+,5.00000,Tone,141.3,88.5,023,NN,FM,5,"Bakersfield",
120,K6DEL,440.85000,+,5.00000,Tone,146.2,88.5,023,NN,FM,5,"Columbia",
121,N6NAR,440.85000,+,5.00000,Tone,173.8,88.5,023,NN,FM,5,"Napa",
122,W6JWS,440.85000,+,5.00000,Tone,94.8,88.5,023,NN,FM,5,"Santa Cruz",
123,WA6HAM,440.87500,+,5.00000,,88.5,88.5,023,NN,FM,5,"Concord",
124,KH6N,440.87500,+,5.00000,Tone,100.0,88.5,023,NN,FM,5,"Los Altos",
125,KM6IRY,440.87500,+,5.00000,Tone,100.0,100.0,023,NN,FM,5,"Manteca",
126,WA2UNP,440.90000,+,5.00000,Tone,131.8,88.5,023,NN,FM,5,"Berkeley",
127,N6GVI,440.90000,+,5.00000,,88.5,88.5,023,NN,FM,5,"Mountain Ranch",
128,KI6KGN,440.90000,+,5.00000,,88.5,141.3,023,NN,FM,5,"Newark",
129,W6SCR,440.90000,+,5.00000,Tone,110.9,88.5,023,NN,FM,5,"Oroville",
130,KH8AF,440.92500,+,5.00000,,88.5,88.5,023,NN,FM,5,"Berkeley",
131,KH8AF,440.92500,+,5.00000,,88.5,88.5,023,NN,FM,5,"Novato",
132,KH8AF,440.92500,+,5.00000,,88.5,88.5,023,NN,FM,5,"San Rafael",
133,K6BJ,440.92500,+,5.00000,Tone,123.0,88.5,023,NN,Auto,5,"Santa Cruz",
134,KH8AF,440.92500,+,5.00000,,88.5,88.5,023,NN,FM,5,"Tahoe City",
135,KH8AF,440.92500,+,5.00000,,88.5,88.5,023,NN,FM,5,"Vacaville",
136,WB6OHV,440.95000,+,5.00000,Tone,192.8,88.5,023,NN,FM,5,"Gold Run",
137,KB6LED,440.95000,+,5.00000,Tone,100.0,88.5,023,NN,FM,5,"Hayward",
138,KB6HWZ,440.95000,+,5.00000,Tone,131.8,88.5,023,NN,FM,5,"Redding",
139,N6EUO,440.97500,+,5.00000,Tone,103.5,88.5,023,NN,FM,5,"Columbia",
140,N6TZG,440.97500,+,5.00000,Tone,100.0,88.5,023,NN,FM,5,"Mineral",
141,K6LOU,440.97500,+,5.00000,,88.5,88.5,023,NN,FM,5,"Richmond",
142,WA6NHC,441.00000,,0.0,Tone,100.0,88.5,023,NN,FM,5,"Cameron Park",
143,K9GVF,441.02500,+,5.00000,Tone,156.7,88.5,023,NN,FM,5,"Campbell",
144,W6RCA,441.02500,+,5.00000,Tone,151.4,88.5,023,NN,FM,5,"Grass Valley",
145,N6TZG,441.02500,+,5.00000,Tone,123.0,88.5,023,NN,FM,5,"Westwood",
146,N6UUI,441.05000,+,5.00000,Tone,123.0,88.5,023,NN,FM,5,"Los Gatos",
147,WB6JWB,441.05000,+,5.00000,,88.5,88.5,023,NN,FM,5,"Paso Robles",
148,N6UUI,441.05000,+,5.00000,Tone,127.3,88.5,023,NN,FM,5,"Placerville",
149,WA6TOW,441.07500,+,5.00000,Tone,114.8,88.5,023,NN,FM,5,"Pacifica, Montara Mountain",
150,WB6JWB,441.07500,+,5.00000,Tone,94.8,88.5,023,NN,FM,5,"San Luis Obispo",
151,W6EBW,441.07500,+,5.00000,Tone,114.8,88.5,023,NN,FM,5,"Valley Springs",
152,KA6JJW,441.10000,+,5.00000,Tone,100.0,88.5,023,NN,FM,5,"Clearlake",
153,N6QDY,441.10000,+,5.00000,Tone,123.0,156.7,023,NN,FM,5,"El Dorado Hills",
154,K6GOD,441.10000,+,5.00000,Tone,203.5,88.5,023,NN,FM,5,"Palo Alto, Black Mountain",
155,K6GOD,441.10000,+,5.00000,Tone,203.5,114.8,023,NN,FM,5,"San Jose, Alum Rock Park",
156,NC6R,441.12500,+,5.00000,Tone,156.7,88.5,023,NN,FM,5,"Angels Camp",
157,NC6R,441.12500,+,5.00000,Tone,127.3,88.5,023,NN,FM,5,"Esparto",
158,KC6WXO,441.12500,+,5.00000,Tone,100.0,100.0,023,NN,FM,5,"Fremont",
159,KC6UDC,441.12500,+,5.00000,Tone,123.0,88.5,023,NN,FM,5,"Prunedale",
160,KA6CHJ,441.15000,+,5.00000,Tone,77.0,88.5,023,NN,FM,5,"Fairfield",
161,KC6BJO,441.15000,+,5.00000,Tone,100.0,88.5,023,NN,FM,5,"San Jose",
162,KG6ZTE,441.17500,+,5.00000,Tone,123.0,88.5,023,NN,FM,5,"Citrus Heights",
163,W6WGZ,441.17500,+,5.00000,Tone,146.2,88.5,023,NN,FM,5,"Oakhurst, Deadwood Peak",
164,KF6FWO,441.17500,+,5.00000,Tone,103.5,88.5,023,NN,FM,5,"San Jose",
165,N7VXB,441.17500,+,5.00000,Tone,107.2,88.5,023,NN,FM,5,"Tahoe City",
166,N6GVI,441.20000,+,5.00000,,88.5,88.5,023,NN,FM,5,"Concord",
167,K6PRN,441.22500,+,5.00000,Tone,100.0,88.5,023,NN,FM,5,"Alturas, Likely Mountain",
168,N6YBH,441.22500,+,5.00000,Tone,82.5,88.5,023,NN,FM,5,"Camino",
169,W6RCA,441.22500,+,5.00000,Tone,100.0,88.5,023,NN,FM,5,"Oakland",
170,KR6BEN,441.25000,+,5.00000,Tone,100.0,88.5,023,NN,FM,5,"Benicia",
171,WB6WTM,441.25000,+,5.00000,,88.5,88.5,023,NN,FM,5,"Los Altos",
172,W6LOA,441.25000,+,5.00000,Tone,94.8,88.5,023,NN,FM,5,"Placerville",
173,K6DNA,441.25000,+,5.00000,Tone,141.3,88.5,023,NN,FM,5,"South San Francisco",
174,K6RDJ,441.27500,+,5.00000,Tone,77.0,77.0,023,NN,FM,5,"Modesto, Mt Oso",
175,W6BML,441.27500,+,5.00000,,88.5,88.5,23,NN,DV,5,"Mount Shasta",
176,K6BEN,441.27500,+,5.00000,,88.5,88.5,23,NN,FM,5,"San Jose",
177,WB6ECE,441.30000,+,5.00000,Tone,110.9,88.5,023,NN,FM,5,"Fremont, Mt Allison",
178,WB6ECE,441.30000,+,5.00000,Tone,136.5,88.5,023,NN,FM,5,"Monterey",
179,WB6ECE,441.30000,+,5.00000,Tone,146.2,88.5,023,NN,FM,5,"San Jose, Mt Umunhum",
180,KV6A,441.30000,+,5.00000,Tone,88.5,88.5,023,NN,FM,5,"Santa Rosa",
181,KD6RC,441.30000,+,5.00000,Tone,88.5,88.5,023,NN,FM,5,"Santa Rosa",
182,N6NA,441.30000,+,5.00000,Tone,88.5,88.5,023,NN,FM,5,"Shingle Springs",
183,WB6ECE,441.30000,+,5.00000,Tone,123.0,88.5,023,NN,FM,5,"Woodside",
184,W6CX,441.32500,+,5.00000,Tone,100.0,88.5,023,NN,FM,5,"Mt Diablo",
185,WE6R,441.32500,+,5.00000,,88.5,88.5,023,NN,FM,5,"Monterey",
186,KG6UFR,441.35000,+,5.00000,Tone,100.0,88.5,023,NN,FM,5,"Kelseyville",
187,K6SIX,441.35000,+,5.00000,Tone,107.2,88.5,023,NN,FM,5,"Mariposa, Mt Bullion",
188,W6PIY,441.35000,+,5.00000,Tone,88.5,88.5,023,NN,FM,5,"San Jose",
189,N6TZG,441.37500,+,5.00000,,88.5,88.5,023,NN,FM,5,"Chester",
190,W6SON,441.37500,+,5.00000,Tone,88.5,88.5,023,NN,Auto,5,"Sebastopol, English Hill",
191,WB6LZV,441.37500,+,5.00000,Tone,123.0,88.5,023,NN,FM,5,"West Point",
192,WB6RHC,441.40000,+,5.00000,Tone,110.9,88.5,023,NN,FM,5,"Chico",
193,K6TVI,441.40000,+,5.00000,Tone,107.2,107.2,023,NN,FM,5,"Meadow Lakes",
194,WD6GGW,441.40000,+,5.00000,Tone,114.8,88.5,023,NN,FM,5,"Redwood City",
195,N6GJM,441.42500,+,5.00000,Tone,100.0,88.5,023,NN,FM,5,"Kelseyville",
196,KF6CLR,441.42500,+,5.00000,Tone,74.4,88.5,023,NN,FM,5,"Mariposa",
197,W6MTF,441.42500,+,5.00000,Tone,156.7,156.7,023,NN,FM,5,"Oakland",
198,KJ6KO,441.45000,+,5.00000,Tone,100.0,88.5,023,NN,FM,5,"Sacramento",
199,K6JE,441.45000,+,5.00000,Tone,123.0,88.5,023,NN,FM,5,"Salinas, Fremont Pk",
200,W6EE,441.45000,+,5.00000,Tone,85.4,88.5,023,NN,FM,5,"San Francisco",
201,KM6HJA,441.45000,+,5.00000,Tone,162.2,100.0,023,NN,FM,5,"San Lorenzo",
202,W6YOP,441.47500,+,5.00000,Tone,127.3,127.3,023,NN,FM,5,"Oakland",
203,W6YOP,441.47500,+,5.00000,Tone,114.8,114.8,023,NN,FM,5,"Oroville",
204,WB6PHE,441.47500,+,5.00000,Tone,110.9,88.5,023,NN,FM,5,"Sonora",
205,K6AIR,441.52500,+,5.00000,Tone,123.0,123.0,023,NN,FM,5,"Los Altos Hills ",
206,K6ARC,441.52500,+,5.00000,Tone,100.0,88.5,023,NN,FM,5,"Pine Grove, Mount Zion",
207,WC6HP,441.52500,+,5.00000,Tone,67.0,88.5,023,NN,FM,5,"Porterville",
208,N6LZR,441.55000,+,5.00000,,88.5,88.5,023,NN,FM,5,"Alpine",
209,W6VB,441.55000,+,5.00000,,88.5,88.5,023,NN,FM,5,"Cupertino",
210,K6RDJ,441.55000,+,5.00000,Tone,77.0,77.0,023,NN,FM,5,"Mariposa, Mt Bullion",
211,K6IRC,441.57500,+,5.00000,,88.5,88.5,023,NN,FM,5,"Georgetown",
212,K6IRC,441.57500,+,5.00000,,88.5,88.5,023,NN,FM,5,"Palo Alto",
213,W6RCA,441.60000,+,5.00000,Tone,100.0,88.5,023,NN,FM,5,"Vacaville",
214,W6TCP,441.61250,+,5.00000,,88.5,88.5,23,NN,DIG,5,"Livermore",
215,W6CBS,441.61250,+,5.00000,Tone,100.0,88.5,023,NN,FM,5,"San Carlos",
216,W6RCA,441.62500,+,5.00000,Tone,100.0,88.5,023,NN,FM,5,"Los Gatos",
217,W6RCA,441.62500,+,5.00000,,88.5,88.5,023,NN,FM,5,"Placerville",
218,W6RCA,441.62500,+,5.00000,Tone,100.0,88.5,023,NN,FM,5,"Quincy",
219,KD6FVA,441.65000,+,5.00000,Tone,156.7,156.7,023,NN,FM,5,"Copperopolis",
220,N6SPD,441.65000,+,5.00000,Tone,156.7,156.7,023,NN,FM,5,"King City, Williams Hill",
221,N6SPD,441.65000,+,5.00000,Tone,123.0,123.0,023,NN,FM,5,"Monterey",
222,K6JSI,441.65000,+,5.00000,Tone,100.0,88.5,023,NN,FM,5,"Santa Rosa, Richmond Heights",
223,K6JSI,441.67500,+,5.00000,Tone,100.0,88.5,023,NN,FM,5,"Coalinga, Santa Rita Peak",
224,WA7G,441.67500,+,5.00000,Tone,100.0,88.5,023,NN,FM,5,"Napa, Sugarloaf",
225,N7WG,441.67500,+,5.00000,Tone,123.0,88.5,023,NN,FM,5,"Santa Cruz",
226,K6UB,441.70000,+,5.00000,Tone,127.3,88.5,023,NN,FM,5,"Los Gatos",
227,W6ALL,441.70000,+,5.00000,,88.5,88.5,023,NN,FM,5,"San Andreas",
228,KD6GIY,441.72500,+,5.00000,Tone,162.2,88.5,023,NN,FM,5,"Arnold",
229,AG6AU,441.72500,+,5.00000,Tone,82.5,88.5,023,NN,FM,5,"Lotus, Bakers Mountain",
230,K6HN,441.72500,+,5.00000,,88.5,88.5,023,NN,FM,5,"Pacifica",
231,WA6QDP,441.72500,+,5.00000,,88.5,88.5,023,NN,FM,5,"San Jose",
232,W6YOP,441.75000,+,5.00000,Tone,127.3,127.3,023,NN,FM,5,"Concord",
233,AK6U,441.75000,+,5.00000,Tone,100.0,88.5,023,NN,Auto,5,"Cottonwood",
234,K1BMW,441.75000,+,5.00000,Tone,123.0,123.0,023,NN,FM,5,"Truckee",
235,,441.77500,+,5.00000,Tone,123.0,123.0,023,NN,FM,5,"Giroy, Mt. Madonna",
236,N6ICW,441.77500,+,5.00000,,88.5,88.5,023,NN,FM,5,"Sacramento",
237,N6ICW,441.77500,+,5.00000,,88.5,88.5,023,NN,FM,5,"Vacaville,  Mt Vaca",
238,N6LYE,441.80000,+,5.00000,Tone,141.3,88.5,23,NN,P25,5,"Fresno",
239,W6CO,441.80000,+,5.00000,Tone,151.4,88.5,023,NN,FM,5,"Napa",
240,KQ6RC,441.80000,+,5.00000,,88.5,88.5,023,NN,FM,5,"San Leandro",
241,WB6BDD,441.82500,+,5.00000,Tone,114.8,88.5,023,NN,FM,5,"Concord",
242,K6LRG,441.82500,+,5.00000,,88.5,88.5,23,NN,DIG,5,"Livermore",
243,K6OTR,441.85000,+,5.00000,,88.5,88.5,23,NN,DIG,5,"Palo Alto, Black Mountain",
244,NA6DF,441.85000,+,5.00000,Tone,77.0,88.5,023,NN,FM,5,"Sacramento",
245,KG6KCL,441.85000,+,5.00000,,88.5,88.5,023,NN,FM,5,"San Jose",
246,K6JWN,441.88750,+,5.00000,Tone,94.8,88.5,023,NN,FM,5,"Dixon",
247,AH6KD,441.88750,+,5.00000,,88.5,88.5,23,NN,DIG,5,"Kensington",
248,N6OA,441.90000,+,5.00000,Tone,100.0,88.5,023,NN,FM,5,"Coalinga, Santa Rita Peak",
249,W6MOW,441.90000,+,5.00000,Tone,110.9,88.5,023,NN,FM,5,"Hollister",
250,W6CO,441.90000,+,5.00000,Tone,151.4,88.5,023,NN,FM,5,"Napa, Mt St Helena",
251,WA6HHQ,441.92500,+,5.00000,Tone,100.0,88.5,023,NN,FM,5,"Aptos",
252,W6YOP,441.92500,+,5.00000,Tone,123.0,123.0,023,NN,FM,5,"Twain Harte",
253,W6YOP,441.92500,+,5.00000,,88.5,88.5,023,NN,FM,5,"Vacaville",
254,K6YC,441.95000,+,5.00000,Tone,114.8,88.5,023,NN,FM,5,"Sacramento",
255,N6MPX,441.95000,+,5.00000,Tone,100.0,88.5,023,NN,FM,5,"San Jose",
256,KK6USZ,441.95000,+,5.00000,Tone,100.0,100.0,023,NN,Auto,5,"Saratoga, Saratoga Heights",
257,WA6BZS,441.97500,+,5.00000,Tone,100.0,88.5,023,NN,FM,5,"Orinda",
258,KE6WDX,441.97500,+,5.00000,Tone,100.0,88.5,023,NN,FM,5,"Springville, Blue Ridge",
259,W6RCA,441.97500,+,5.00000,Tone,94.8,88.5,023,NN,FM,5,"Vacaville",
260,AE6R,442.00000,+,5.00000,Tone,100.0,88.5,023,NN,FM,5,"Eureka, Horse Mountain",
261,WW6HP,442.00000,+,5.00000,Tone,151.4,88.5,023,NN,FM,5,"Palo Alto",
262,N6UG,442.00000,+,5.00000,Tone,179.9,179.9,023,NN,FM,5,"Rocklin",
263,N6BEN,442.02500,+,5.00000,Tone,146.2,88.5,023,NN,FM,5,"Lemoore",
264,W6KCS,442.02500,+,5.00000,Tone,162.2,88.5,023,NN,FM,5,"Milpitas",
265,N6LEX,442.02500,+,5.00000,Tone,146.2,88.5,023,NN,FM,5,"Salinas",
266,K6SNC,442.02500,+,5.00000,,88.5,88.5,023,NN,FM,5,"Santa Clara",
267,W6KCS,442.02500,+,5.00000,Tone,179.9,88.5,023,NN,FM,5,"Vacaville",
268,WA6OYK,442.05000,+,5.00000,Tone,100.0,88.5,023,NN,FM,5,"Geyserville",
269,WA6GG,442.05000,+,5.00000,Tone,127.3,88.5,023,NN,FM,5,"San Francisco, Twin Peaks",
270,NC6R,442.05000,+,5.00000,Tone,156.7,88.5,023,NN,FM,5,"Shingle Springs,  Mt Aukum",
271,K6LNK,442.07500,+,5.00000,Tone,114.8,88.5,023,NN,FM,5,"Greenfield, Vaquero Creek/Arroyo Seco ",
272,K6LNK,442.07500,+,5.00000,,88.5,88.5,23,NN,DIG,5,"Gualala",
273,K6LNK,442.07500,+,5.00000,Tone,127.3,88.5,023,NN,FM,5,"Meyers",
274,N6QOP,442.07500,+,5.00000,Tone,123.0,88.5,023,NN,FM,5,"Modesto, Mt Oso",
275,K6LNK,442.07500,+,5.00000,Tone,103.5,88.5,023,NN,FM,5,"Pleasanton",
276,N6MVT,442.07500,+,5.00000,Tone,100.0,88.5,023,NN,FM,5,"San Francisco, Downtown",
277,K7JKL,442.07500,+,5.00000,Tone,114.8,88.5,023,NN,FM,5,"Shasta Lake",
278,K6HSV,442.10000,+,5.00000,Tone,107.2,88.5,023,NN,FM,5,"Millbrae",
279,K7WWA,442.10000,+,5.00000,Tone,114.8,88.5,23,NN,P25,5,"Willits, Laughlin Ridge",
280,K6ACS,442.11250,+,5.00000,,88.5,88.5,23,NN,DIG,5,"Santa Rosa",
281,W6PMI,442.12500,+,5.00000,Tone,162.2,88.5,023,NN,FM,5,"Palo Alto, Black Mountain",
282,N6UG,442.12500,+,5.00000,,88.5,88.5,23,NN,DV,5,"Rocklin",
283,AB6LI,442.15000,+,5.00000,Tone,151.4,88.5,023,NN,FM,5,"Grass Valley",
284,WA6DUR,442.15000,+,5.00000,Tone,100.0,88.5,023,NN,FM,5,"Richmond",
285,K9GVF,442.17500,+,5.00000,Tone,100.0,88.5,023,NN,FM,5,"Campbell, Crystal Peak",
286,K6ACR,442.17500,+,5.00000,,88.5,88.5,23,NN,DIG,5,"Fresno",
287,KH8AF,442.17500,+,5.00000,,88.5,88.5,023,NN,FM,5,"Lakehead",
288,WA6CAL,442.17500,+,5.00000,Tone,123.0,88.5,023,NN,FM,5,"Oroville, Downtown",
289,N1UFD,442.17500,+,5.00000,,88.5,88.5,023,NN,FM,5,"San Jose",
290,KH8AF,442.17500,+,5.00000,,88.5,88.5,023,NN,FM,5,"San Rafael",
291,KH8AF,442.17500,+,5.00000,,88.5,88.5,023,NN,FM,5,"Tahoe City",
292,WB6PBN,442.17500,+,5.00000,Tone,110.9,88.5,023,NN,FM,5,"Turlock",
293,KH8AF,442.20000,+,5.00000,,88.5,88.5,023,NN,FM,5,"Oakland",
294,WA6RQX,442.22500,+,5.00000,,88.5,88.5,023,NN,FM,5,"Eureka",
295,WH6KA,442.22500,+,5.00000,,88.5,88.5,023,NN,FM,5,"Monterey",
296,KH8AF,442.22500,+,5.00000,,88.5,88.5,023,NN,FM,5,"Vacaville",
297,W6SF,442.25000,+,5.00000,Tone,107.2,88.5,023,NN,FM,5,"Fiddletown",
298,N6TKW,442.25000,+,5.00000,Tone,151.4,88.5,023,NN,FM,5,"Napa",
299,KD6QDW,442.25000,+,5.00000,Tone,103.5,88.5,023,NN,FM,5,"Oakland, Oakland Hills",
300,WA6ZTY,442.27500,+,5.00000,Tone,100.0,88.5,023,NN,FM,5,"Berkeley",
301,N6NMZ,442.27500,+,5.00000,Tone,100.0,88.5,023,NN,FM,5,"Maxwell, Coast Range foothills",
302,AC6KT,442.27500,+,5.00000,Tone,100.0,88.5,023,NN,FM,5,"Porterville",
303,K6GTO,442.27500,+,5.00000,Tone,103.5,88.5,023,NN,FM,5,"Stockton",
304,WX6D,442.28750,+,5.00000,,88.5,88.5,23,NN,DIG,5,"Fresno",
305,WX6D,442.28750,+,5.00000,,88.5,88.5,23,NN,DIG,5,"Visalia, Bear Mountain",
306,K6INC,442.30000,+,5.00000,Tone,114.8,88.5,023,NN,FM,5,"San Jose",
307,W6BHZ,442.30000,+,5.00000,Tone,127.3,88.5,023,NN,FM,5,"San Luis Obispo, Cal Poly",
308,W6NQJ,442.30000,+,5.00000,,88.5,88.5,023,NN,FM,5,"Vacaville",
309,K6VIS,442.30000,+,5.00000,,88.5,88.5,23,NN,DV,5,"Visalia",
310,WX6D,442.31250,+,5.00000,,88.5,88.5,23,NN,DIG,5,"Visalia, Bear Mountain",
311,N6QZH,442.32500,+,5.00000,,88.5,88.5,023,NN,FM,5,"Pescadero",
312,KF6BIK,442.32500,+,5.00000,,88.5,88.5,023,NN,FM,5,"Sacramento",
313,N6AMG,442.32500,+,5.00000,,88.5,88.5,023,NN,FM,5,"Sebastopol",
314,WX6D,442.32500,+,5.00000,,88.5,88.5,23,NN,DIG,5,"Visalia, Bear Mountain",
315,WB6HMD,442.35000,+,5.00000,Tone,85.4,88.5,023,NN,FM,5,"Alturas, Likely Mountain",
316,K6GOD,442.35000,+,5.00000,,88.5,88.5,023,NN,FM,5,"Cupertino",
317,KS6HRP,442.35000,+,5.00000,Tone,136.5,88.5,023,NN,FM,5,"Folsom",
318,K6GOD,442.35000,+,5.00000,Tone,100.0,88.5,023,NN,FM,5,"Hayward",
319,N6IB,442.35000,+,5.00000,Tone,141.3,141.3,023,NN,FM,5,"Mariposa",
320,K6GOD,442.35000,+,5.00000,Tone,100.0,88.5,023,NN,FM,5,"Milpitas",
321,WA6UHF,442.35000,+,5.00000,Tone,110.9,88.5,023,NN,FM,5,"Oroville",
322,W6ECE,442.37500,+,5.00000,Tone,100.0,88.5,023,NN,FM,5,"Chico",
323,N6MAC,442.37500,+,5.00000,Tone,186.2,88.5,023,NN,FM,5,"Copperopolis",
324,K6JDE,442.37500,+,5.00000,Tone,114.8,88.5,023,NN,FM,5,"Daly City",
325,KC6PGV,442.37500,+,5.00000,Tone,156.7,88.5,023,NN,FM,5,"Daly City",
326,KF6FM,442.40000,+,5.00000,Tone,141.3,88.5,023,NN,FM,5,"Merced",
327,WB6NDJ,442.40000,+,5.00000,Tone,77.0,88.5,023,NN,FM,5,"Oakland",
328,W6QWN,442.40000,+,5.00000,Tone,110.9,88.5,023,NN,FM,5,"Red Bluff",
329,WB6GWZ,442.40000,+,5.00000,,88.5,88.5,023,NN,FM,5,"Sacramento",
330,KF6FM,442.42500,+,5.00000,,88.5,88.5,023,NN,FM,5,"Coalinga",
331,KF6GLZ,442.42500,+,5.00000,,88.5,88.5,023,NN,FM,5,"Grass Valley",
332,W6UU,442.42500,+,5.00000,Tone,107.2,88.5,023,NN,FM,5,"San Jose, Regional Medical Center ",
333,K6LI,442.42500,+,5.00000,Tone,88.5,88.5,023,NN,FM,5,"Vallejo",
334,KI6O,442.45000,+,5.00000,,88.5,88.5,023,NN,FM,5,"Concord",
335,KI6O,442.45000,+,5.00000,,88.5,88.5,023,NN,FM,5,"Moraga",
336,KJ6VU,442.45000,+,5.00000,,88.5,88.5,023,NN,FM,5,"Palo Alto",
337,WB6KHP,442.45000,+,5.00000,Tone,100.0,88.5,023,NN,FM,5,"San Jose",
338,KF6REK,442.47500,+,5.00000,Tone,114.8,88.5,023,NN,FM,5,"Daly City",
339,WA6BTH,442.47500,+,5.00000,Tone,110.9,88.5,023,NN,FM,5,"Placerville",
340,WA6KQV,442.47500,+,5.00000,Tone,123.0,88.5,023,NN,FM,5,"Pollock Pines",
341,KJ6NRO,442.47500,+,5.00000,Tone,136.5,136.5,23,NN,DIG,5,"Sonora",
342,WA6EWV,442.47500,+,5.00000,,88.5,88.5,23,NN,DIG,5,"South Lake Tahoe",
343,WA6ZZK,442.50000,+,5.00000,Tone,151.4,88.5,023,NN,FM,5,"Sacramento",
344,WB6ZVW,442.50000,+,5.00000,Tone,100.0,88.5,023,NN,FM,5,"San Jose",
345,K6HLE,442.51250,+,5.00000,,88.5,88.5,23,NN,DIG,5,"Mountain View",
346,KA7PRR,442.52500,+,5.00000,,88.5,88.5,023,NN,FM,5,"Crescent City",
347,K6MFM,442.52500,+,5.00000,Tone,77.0,88.5,023,NN,FM,5,"Folsom",
348,N6IB,442.52500,+,5.00000,Tone,141.3,141.3,023,NN,FM,5,"Fresno",
349,K6ER,442.52500,+,5.00000,Tone,114.8,88.5,023,NN,FM,5,"Sausalito, Wolfback Rdg",
350,K6MFM,442.52500,+,5.00000,Tone,88.5,88.5,023,NN,FM,5,"Walnut Creek",
351,WA6YCZ,442.53750,+,5.00000,,88.5,88.5,23,NN,DIG,5,"San Jose, Mount Umunhum",
352,KG6LEL,442.55000,+,5.00000,,88.5,103.5,023,NN,FM,5,"Costa Mesa, John Wayne Airport",
353,WA6FUL,442.55000,+,5.00000,,88.5,88.5,023,NN,FM,5,"Fremont, Mt Allison",
354,N6APB,442.55000,+,5.00000,,88.5,88.5,023,NN,FM,5,"Modesto",
355,WA6FUL,442.55000,+,5.00000,,88.5,88.5,023,NN,FM,5,"Santa Cruz , Near Loma Prieta ",
356,N6APB,442.55000,+,5.00000,,88.5,88.5,023,NN,FM,5,"Vacaville",
357,WX6D,442.57500,+,5.00000,,88.5,88.5,23,NN,DIG,5,"Meadow Lakes",
358,K6FB,442.57500,+,5.00000,Tone,100.0,88.5,023,NN,FM,5,"Palo Alto, Black Mountain",
359,KD6PDD,442.57500,+,5.00000,Tone,162.2,88.5,023,NN,FM,5,"Roseville",
360,WA6PWW,442.60000,+,5.00000,Tone,107.2,107.2,023,NN,FM,5,"Fremont",
361,N6NA,442.60000,+,5.00000,Tone,100.0,88.5,023,NN,FM,5,"Sacramento",
362,KG6UYZ,442.60000,+,5.00000,Tone,110.9,88.5,023,NN,FM,5,"Salinas",
363,W6AI,442.62500,+,5.00000,Tone,110.9,88.5,023,NN,FM,5,"Grass Valley",
364,W6SRR,442.62500,+,5.00000,Tone,94.8,94.8,023,NN,FM,5,"Pleasanton",
365,WA6ZTY,442.65000,+,5.00000,Tone,100.0,88.5,023,NN,FM,5,"Concord",
366,WB6UZX,442.67500,+,5.00000,,88.5,88.5,023,NN,FM,5,"Berkeley",
367,KI6HHU,442.67500,+,5.00000,Tone,107.2,88.5,023,NN,FM,5,"Mariposa, Mt Bullion",
368,KA6ZRJ,442.70000,+,5.00000,Tone,114.8,88.5,023,NN,FM,5,"Foresthill",
369,N6MNV,442.70000,+,5.00000,Tone,100.0,88.5,023,NN,FM,5,"San Jose",
370,W6SLO,442.70000,+,5.00000,Tone,127.3,88.5,023,NN,FM,5,"San Luis Obispo, Cuesta Peak",
371,N6MNV,442.70000,+,5.00000,Tone,173.8,88.5,023,NN,FM,5,"South San Francisco",
372,K6DJR,442.72500,+,5.00000,,88.5,88.5,023,NN,FM,5,"Berkeley, Grizzly Peak",
373,KR6BEN,442.75000,+,5.00000,Tone,100.0,88.5,023,NN,FM,5,"Benicia",
374,W6BUR,442.75000,+,5.00000,,88.5,88.5,23,NN,DIG,5,"Daly City",
375,W6DXW,442.75000,+,5.00000,Tone,110.9,110.9,23,NN,P25,5,"Santa Cruz, Empire Grade",
376,KC6UJM,442.77500,+,5.00000,Tone,77.0,88.5,023,NN,FM,5,"Fairfield",
377,W6DXW,442.77500,+,5.00000,Tone,110.9,110.9,023,NN,FM,5,"Prunedale",
378,KF6CCP,442.77500,+,5.00000,Tone,103.5,88.5,023,NN,FM,5,"Quincy",
379,KU6V,442.77500,+,5.00000,Tone,131.8,131.8,023,NN,FM,5,"San Jose",
380,KB6NCL,442.77500,+,5.00000,,88.5,88.5,023,NN,FM,5,"San Leandro",
381,K6OTR,442.80000,+,5.00000,Tone,114.8,88.5,023,NN,FM,5,"Palo Alto",
382,W6AK,442.80000,+,5.00000,Tone,100.0,88.5,023,NN,FM,5,"Sacramento",
383,WR6COP,442.82500,+,5.00000,,88.5,88.5,023,NN,FM,5,"Clearlake",
384,WR6COP,442.82500,+,5.00000,,88.5,88.5,023,NN,FM,5,"San Jose",
385,W6SUV,442.82500,+,5.00000,Tone,88.5,85.4,023,NN,FM,5,"South Lake Tahoe, Heavenly Valley Ski area California base facility",
386,WR6TV,442.85000,+,5.00000,,88.5,88.5,023,NN,FM,5,"Redding",
387,WA6MIA,442.85000,+,5.00000,Tone,100.0,88.5,023,NN,FM,5,"San Jose",
388,AB6CQ,442.85000,+,5.00000,Tone,146.2,88.5,023,NN,FM,5,"Vacaville",
389,KE6QDW,442.87500,+,5.00000,,88.5,88.5,023,NN,FM,5,"Cobb",
390,KA6EBR,442.87500,+,5.00000,Tone,131.8,88.5,023,NN,FM,5,"Foresthill",
391,K6DDR,442.87500,+,5.00000,Tone,100.0,88.5,023,NN,FM,5,"Hayward",
392,WA6YLV,442.87500,+,5.00000,Tone,100.0,88.5,023,NN,FM,5,"San Jose",
393,WB6FMC,442.87500,+,5.00000,,88.5,88.5,023,NN,FM,5,"San Luis Obispo",
394,W6HMH,442.90000,+,5.00000,Tone,127.3,88.5,023,NN,FM,5,"Coarsegold",
395,K6NP,442.90000,+,5.00000,Tone,136.5,88.5,023,NN,FM,5,"Sacramento",
396,K6JSI,442.90000,+,5.00000,Tone,162.2,88.5,023,NN,FM,5,"San Jose, Loma Prieta",
397,W6RGG,442.92500,+,5.00000,,88.5,88.5,023,NN,FM,5,"Pleasanton",
398,,442.92500,+,5.00000,,88.5,88.5,023,NN,FM,5,"Tehachapi",
399,N6VYQ,442.95000,+,5.00000,Tone,107.2,88.5,023,NN,FM,5,"Grass Valley",
400,K6YZS,442.95000,+,5.00000,Tone,85.4,88.5,023,NN,FM,5,"San Jose",
401,KK6AC,442.95000,+,5.00000,Tone,141.3,141.3,023,NN,FM,5,"Sequoia, Buck Rock",
402,WA6FJS,442.95000,+,5.00000,Tone,131.8,88.5,023,NN,FM,5,"Tahoe City",
403,NG6DNG,442.96250,+,5.00000,,88.5,88.5,23,NN,DIG,5,"Auburn",
404,K7DAA,442.97500,+,5.00000,Tone,100.0,88.5,023,NN,FM,5,"Morgan Hill, Henry Coe Park",
405,KJ6NRO,442.97500,+,5.00000,,88.5,88.5,23,NN,DIG,5,"Sonora, Downtown",
406,K6JJC,442.97500,+,5.00000,Tone,136.5,88.5,023,NN,FM,5,"Vacaville",
407,KI6HHU,443.00000,+,5.00000,Tone,141.3,88.5,023,NN,FM,5,"Bakersfield, Shirley Peak",
408,K6JSI,443.00000,+,5.00000,Tone,100.0,88.5,023,NN,FM,5,"Laytonville, Cahto Peak",
409,W6OOL,443.00000,+,5.00000,Tone,100.0,88.5,023,NN,FM,5,"Palo Alto",
410,WA6WER,443.02500,+,5.00000,Tone,114.8,88.5,023,NN,FM,5,"Grass Valley",
411,WA6ABB,443.02500,+,5.00000,,88.5,88.5,023,NN,FM,5,"Los Gatos",
412,K6EXE,443.02500,+,5.00000,,88.5,88.5,023,NN,FM,5,"Milpitas",
413,K6LRC,443.02500,+,5.00000,Tone,91.5,88.5,023,NN,FM,5,"Susanville,  Shaffer Mountain",
414,K6LRC,443.02500,+,5.00000,Tone,91.5,88.5,023,NN,FM,5,"Susanville,  Inspiration Pt",
415,WA6BLB,443.02500,+,5.00000,Tone,88.5,88.5,023,NN,FM,5,"Visalia",
416,KD6GDZ,443.05000,+,5.00000,Tone,100.0,88.5,023,NN,FM,5,"Crescent City",
417,N6QOP,443.05000,+,5.00000,Tone,114.8,88.5,023,NN,FM,5,"Orinda, Grizzly Peak",
418,WR6TV,443.05000,+,5.00000,Tone,110.9,88.5,023,NN,FM,5,"Redding",
419,K6RMW,443.05000,+,5.00000,Tone,94.8,94.8,023,NN,FM,5,"Watsonville, Watsonville Community Hospital ",
420,N6LDJ,443.06250,+,5.00000,,88.5,88.5,23,NN,DIG,5,"Pleasanton",
421,K6LNK,443.06250,+,5.00000,,88.5,88.5,23,NN,DIG,5,"Walnut Creek",
422,KC6WRD,443.07500,+,5.00000,Tone,94.8,162.2,023,NN,FM,5,"Maricopa, Cerro Noroeste",
423,K6IXA,443.07500,+,5.00000,Tone,107.2,88.5,023,NN,FM,5,"Mariposa, Mt Bullion",
424,N6MVT,443.07500,+,5.00000,Tone,123.0,88.5,023,NN,FM,5,"San Jose",
425,N6MVT,443.07500,+,5.00000,Tone,114.8,88.5,023,NN,FM,5,"Stonyford",
426,K6JSI,443.10000,+,5.00000,Tone,123.0,88.5,023,NN,FM,5,"Coalinga, Joaquin Ridge",
427,N6YCK,443.10000,+,5.00000,Tone,100.0,88.5,023,NN,FM,5,"Red Bluff",
428,W6TP,443.10000,+,5.00000,DTCS,88.5,88.5,114,NN,FM,5,"San Francisco",
429,K6SLS,443.10000,+,5.00000,Tone,100.0,88.5,023,NN,FM,5,"Smith River",
430,N6GVI,443.10000,+,5.00000,Tone,100.0,88.5,023,NN,FM,5,"Stockton",
431,N6PNZ,443.12500,+,5.00000,,88.5,88.5,023,NN,FM,5,"Fresno",
432,K6BEN,443.12500,+,5.00000,,88.5,88.5,023,NN,FM,5,"Saratoga",
433,KI6KGN,443.12500,+,5.00000,Tone,107.2,107.2,023,NN,FM,5,"Stockton",
434,NU6P,443.15000,+,5.00000,,88.5,88.5,023,NN,FM,5,"Cupertino",
435,AA6LB,443.15000,+,5.00000,Tone,123.0,123.0,023,NN,FM,5,"Los Banos",
436,K6IRC,443.17500,+,5.00000,Tone,123.0,88.5,023,NN,FM,5,"Georgetown",
437,K6JJC,443.17500,+,5.00000,Tone,107.2,88.5,023,NN,FM,5,"Modesto",
438,K6PEG,443.17500,+,5.00000,,88.5,88.5,023,NN,FM,5,"Pacifica",
439,N6GVI,443.20000,+,5.00000,,88.5,88.5,023,NN,FM,5,"Oakland",
440,KM6OR,443.20000,+,5.00000,Tone,141.3,141.3,023,NN,FM,5,"Visalia, Blue Ridge",
441,W6LHR,443.22500,+,5.00000,Tone,167.9,88.5,023,NN,FM,5,"Lincoln",
442,KJ6K,443.22500,+,5.00000,Tone,167.9,88.5,023,NN,FM,5,"Palo Alto",
443,WW6BAY,443.22500,+,5.00000,Tone,100.0,88.5,023,NN,FM,5,"Palo Alto, Black Mountain",
444,WQ6CWA,443.25000,+,5.00000,Tone,107.2,88.5,023,NN,FM,5,"Fresno",
445,K6GWE,443.25000,+,5.00000,Tone,179.9,88.5,023,NN,FM,5,"Mill Valley, Mt Tamalpais",
446,K6FWR,443.25000,+,5.00000,Tone,103.5,88.5,023,NN,FM,5,"Scotia",
447,N7BJD,443.27500,+,5.00000,Tone,141.3,88.5,023,NN,FM,5,"Bakersfield",
448,N7BJD,443.27500,+,5.00000,Tone,100.0,100.0,023,NN,Auto,5,"Bakersfield",
449,K7AZ,443.27500,+,5.00000,Tone,91.5,88.5,023,NN,FM,5,"Lompoc",
450,N6RDN,443.27500,+,5.00000,Tone,141.3,88.5,023,NN,FM,5,"Mcfarland",
451,KJ6JD,443.27500,+,5.00000,Tone,127.3,127.3,023,NN,FM,5,"Sacramento",
452,W6AMT,443.27500,+,5.00000,Tone,107.2,88.5,023,NN,FM,5,"San Jose",
453,N6LYE,443.30000,+,5.00000,Tone,107.2,107.2,23,NN,P25,5,"Centerville, Bear Mountain",
454,KB5JR,443.30000,+,5.00000,Tone,136.5,88.5,023,NN,FM,5,"San Jose",
455,N6LYE,443.31250,+,5.00000,Tone,186.2,186.2,23,NN,P25,5,"Madera",
456,WB6JKV,443.32500,+,5.00000,Tone,100.0,88.5,023,NN,FM,5,"Berkeley",
457,K6JJC,443.32500,+,5.00000,Tone,94.8,88.5,023,NN,FM,5,"Coalinga",
458,K6JJC,443.32500,+,5.00000,Tone,136.5,88.5,023,NN,FM,5,"Marysville",
459,AC6OT,443.35000,+,5.00000,Tone,186.2,88.5,023,NN,FM,5,"Oakland",
460,NC6R,443.35000,+,5.00000,Tone,156.7,88.5,023,NN,FM,5,"San Andreas",
461,WA6YLB,443.35000,+,5.00000,Tone,141.3,141.3,23,NN,P25,5,"Visalia",
462,KB6MET,443.35000,+,5.00000,Tone,123.0,88.5,023,NN,FM,5,"Watsonville",
463,KE6JZ,443.37500,+,5.00000,Tone,123.0,123.0,023,NN,FM,5,"Fresno",
464,WB6SHU,443.37500,+,5.00000,Tone,114.8,88.5,023,NN,FM,5,"Oakland",
465,K6KBL,443.37500,+,5.00000,Tone,156.7,156.7,023,NN,FM,5,"San Leandro",
466,WL3DZ,443.40000,+,5.00000,,88.5,88.5,023,NN,FM,5,"Fairfield",
467,N6IGF,443.40000,+,5.00000,,88.5,88.5,023,NN,FM,5,"Fremont",
468,NA6MM,443.40000,+,5.00000,Tone,141.3,88.5,023,NN,FM,5,"Fresno",
469,WA6KPX,443.40000,+,5.00000,,88.5,88.5,23,NN,DIG,5,"Milpitas",
470,W6WYT,443.42500,+,5.00000,Tone,141.3,88.5,023,NN,FM,5,"Fresno",
471,KB7IP,443.42500,+,5.00000,,88.5,88.5,023,NN,FM,5,"Moraga",
472,K6SAL,443.45000,+,5.00000,Tone,146.2,88.5,023,NN,FM,5,"Galt",
473,N0RM,443.45000,+,5.00000,,88.5,88.5,023,NN,FM,5,"Sacramento",
474,K6MF,443.45000,+,5.00000,,88.5,88.5,023,NN,FM,5,"San Jose",
475,N6MVT,443.47500,+,5.00000,Tone,100.0,88.5,023,NN,FM,5,"Cisco Grove, Cisco Butte",
476,N6QOP,443.47500,+,5.00000,Tone,100.0,88.5,023,NN,FM,5,"Oakland",
477,K6LNK,443.47500,+,5.00000,Tone,123.0,88.5,023,NN,FM,5,"San Jose, Mt Umunhum ",
478,WB6PHE,443.47500,+,5.00000,Tone,127.3,88.5,023,NN,FM,5,"Santa Cruz",
479,K6LNK,443.47500,+,5.00000,Tone,103.5,88.5,023,NN,FM,5,"Sonora",
480,N6MVT,443.47500,+,5.00000,Tone,114.8,88.5,023,NN,FM,5,"Walnut Creek",
481,N6LYE,443.50000,+,5.00000,Tone,141.3,141.3,23,NN,P25,5,"Coalinga, Joaquin Ridge",
482,K6JJC,443.50000,+,5.00000,,88.5,88.5,023,NN,FM,5,"Concord",
483,K6LNK,443.50000,+,5.00000,Tone,100.0,88.5,023,NN,FM,5,"San Luis Obispo, Tassajara Peak",
484,W6SRR,443.51250,+,5.00000,,88.5,88.5,23,NN,DIG,5,"Sunol",
485,KJ6WZS,443.52500,+,5.00000,Tone,123.0,88.5,23,NN,DV,5,"Gilroy, Christmas Hill Park",
486,K6JSI,443.52500,+,5.00000,Tone,107.2,107.2,023,NN,FM,5,"Modesto, Mt Oso",
487,K6GWE,443.52500,+,5.00000,Tone,82.5,88.5,023,NN,FM,5,"San Rafael,  San Pedro Ridge",
488,K6SRA,443.55000,+,5.00000,,88.5,88.5,023,NN,FM,5,"Georgetown",
489,K6TAZ,443.55000,+,5.00000,,88.5,88.5,023,NN,FM,5,"San Jose",
490,K6IRC,443.57500,+,5.00000,,88.5,88.5,023,NN,FM,5,"Concord",
491,KE6STH,443.57500,+,5.00000,Tone,110.9,110.9,23,NN,P25,5,"San Jose",
492,W6FM,443.57500,+,5.00000,,88.5,88.5,023,NN,FM,5,"San Luis Obispo",
493,N6LYE,443.60000,+,5.00000,Tone,114.8,114.8,23,NN,P25,5,"Auberry",
494,N6LYE,443.60000,+,5.00000,Tone,141.3,88.5,23,NN,P25,5,"Auburn",
495,W6FSC,443.60000,+,5.00000,Tone,141.3,88.5,023,NN,FM,5,"Fresno, Bear Mountain",
496,W6MOW,443.60000,+,5.00000,Tone,110.9,110.9,023,NN,FM,5,"Hollister",
497,KI6B,443.60000,+,5.00000,,88.5,88.5,023,NN,FM,5,"Novato",
498,KK6KPQ,443.60000,+,5.00000,,88.5,88.5,023,NN,FM,5,"Palo Alto, Gunn High School",
499,K6MSR,443.62500,+,5.00000,,88.5,88.5,023,NN,FM,5,"Pioneer",
500,K6MSR,443.62500,+,5.00000,,88.5,88.5,023,NN,FM,5,"San Jose",
501,K6MSR,443.62500,+,5.00000,,88.5,88.5,023,NN,FM,5,"Westley",
502,KE6SHK,443.65000,+,5.00000,Tone,141.3,88.5,023,NN,FM,5,"Fresno",
503,KG6BAJ,443.65000,+,5.00000,Tone,114.8,88.5,023,NN,FM,5,"Grass Valley",
504,N6AMO,443.65000,+,5.00000,Tone,110.9,110.9,23,NN,P25,5,"Monterey",
505,K6TEA,443.65000,+,5.00000,,88.5,88.5,023,NN,FM,5,"Pleasanton",
506,K6MSR,443.67500,+,5.00000,,88.5,88.5,023,NN,FM,5,"Los Altos",
507,K6MSR,443.67500,+,5.00000,,88.5,88.5,023,NN,FM,5,"San Francisco",
508,AA6GZ,443.70000,+,5.00000,Tone,141.3,88.5,023,NN,FM,5,"Corcoran, Castle Peak",
509,K6JJC,443.70000,+,5.00000,Tone,136.5,88.5,023,NN,FM,5,"Fremont",
510,WA6JIV,443.70000,+,5.00000,,88.5,88.5,023,NN,FM,5,"Walnut Grove",
511,K6NOX,443.72500,+,5.00000,Tone,107.2,88.5,023,NN,FM,5,"Coalinga, Joaquin Ridge",
512,N6LYE,443.72500,+,5.00000,,88.5,88.5,23,NN,P25,5,"Coalinga, Joaquin Ridge",
513,N6HWI,443.72500,+,5.00000,Tone,127.3,88.5,023,NN,FM,5,"Fremont, Mt Allison",
514,K9GVF,443.75000,+,5.00000,Tone,100.0,88.5,023,NN,FM,5,"Los Gatos",
515,KA6DWN,443.75000,+,5.00000,Tone,100.0,88.5,023,NN,FM,5,"Silicon Valley",
516,WA6KBP,443.75000,+,5.00000,,88.5,88.5,023,NN,FM,5,"Vacaville",
517,K6SIS,443.75000,+,5.00000,Tone,100.0,88.5,023,NN,FM,5,"Yreka",
518,KF6FGL,443.77500,+,5.00000,Tone,110.9,110.9,23,NN,P25,5,"Fresno",
519,WA6GFY,443.77500,+,5.00000,Tone,100.0,88.5,023,NN,FM,5,"San Jose",
520,K6POU,443.80000,+,5.00000,Tone,100.0,100.0,023,NN,FM,5,"Mt Diablo",
521,KE6JZ,443.80000,+,5.00000,Tone,114.8,114.8,023,NN,Auto,5,"Fresno",
522,N6HYM,443.80000,+,5.00000,,88.5,88.5,023,NN,FM,5,"San Luis Obispo",
523,N6IB,443.82500,+,5.00000,Tone,141.3,141.3,023,NN,FM,5,"Clovis",
524,KB6FEC,443.82500,+,5.00000,,88.5,88.5,23,NN,DIG,5,"Oakland",
525,K6JJC,443.82500,+,5.00000,Tone,136.5,88.5,023,NN,FM,5,"Orinda",
526,WB7ABP,443.82500,+,5.00000,Tone,100.0,88.5,023,NN,FM,5,"Santa Rosa",
527,KK6BSN,443.82500,+,5.00000,Tone,167.9,88.5,023,NN,FM,5,"Walnut Creek",
528,K6JJC,443.82500,+,5.00000,Tone,107.2,107.2,023,NN,FM,5,"Westley, Mt Oso",
529,WA6APX,443.85000,+,5.00000,,88.5,88.5,023,NN,FM,5,"Georgetown",
530,W6BUG,443.85000,+,5.00000,,88.5,88.5,023,NN,FM,5,"Los Altos Hills",
531,K6SZQ,443.87500,+,5.00000,Tone,156.7,88.5,023,NN,FM,5,"Fiddletown",
532,KF6FGL,443.87500,+,5.00000,Tone,110.9,110.9,23,NN,P25,5,"Fresno",
533,W6MTF,443.87500,+,5.00000,,88.5,88.5,023,NN,FM,5,"Oakland",
534,K6BIQ,443.87500,+,5.00000,Tone,100.0,88.5,023,NN,FM,5,"Stonyford",
535,W6LIE,443.90000,+,5.00000,Tone,100.0,88.5,023,NN,FM,5,"Bakersfield",
536,W6TAR,443.90000,+,5.00000,Tone,123.0,88.5,023,NN,FM,5,"Prunedale",
537,W6YDD,443.90000,+,5.00000,Tone,136.5,88.5,023,NN,FM,5,"Sacramento",
538,W6YL,443.90000,+,5.00000,Tone,100.0,88.5,023,NN,FM,5,"San Jose, San Jose State Univ.",
539,K6LRC,443.90000,+,5.00000,Tone,91.5,88.5,023,NN,FM,5,"Susanville",
540,N6QDY,443.92500,+,5.00000,Tone,179.9,88.5,023,NN,FM,5,"Placerville, El Dorado Hills",
541,KG6TN,443.92500,+,5.00000,Tone,136.5,88.5,023,NN,FM,5,"South San Francisco",
542,K6MVR,443.95000,+,5.00000,Tone,136.5,88.5,023,NN,FM,5,"Vacaville, Mt Vaca",
543,W6YDZ,443.97500,+,5.00000,Tone,127.3,88.5,023,NN,FM,5,"Arroyo Grande, Lopez Hill",
544,K6SRA,443.97500,+,5.00000,,88.5,88.5,023,NN,FM,5,"Fresno",
545,K6TAZ,443.97500,+,5.00000,Tone,131.8,88.5,023,NN,FM,5,"King City",
546,WW6BAY,443.97500,+,5.00000,Tone,100.0,88.5,023,NN,FM,5,"Oakland",
547,K6SRA,443.97500,+,5.00000,,88.5,88.5,023,NN,FM,5,"Tahoe City",
548,K6CHG,444.00000,+,5.00000,,88.5,88.5,023,NN,Auto,5,"Cazadero",
549,K6TJS,444.00000,+,5.00000,Tone,123.0,123.0,023,NN,FM,5,"Los Banos",
550,K6TJS,444.00000,+,5.00000,Tone,123.0,88.5,023,NN,FM,5,"Modesto, Mt Oso",
551,KE6PTT,444.00000,+,5.00000,Tone,100.0,88.5,023,NN,FM,5,"Orinda",
552,,444.00000,+,5.00000,Tone,94.8,94.8,023,NN,FM,5,"Santa Cruz",
553,W6WLS,444.00000,+,5.00000,Tone,94.8,94.8,023,NN,FM,5,"Scotts Valley",
554,K6JJC,444.02500,+,5.00000,Tone,107.2,88.5,023,NN,FM,5,"Georgetown",
555,K6JJC,444.02500,+,5.00000,Tone,136.5,88.5,023,NN,FM,5,"San Jose",
556,K6HLE,444.02500,+,5.00000,,88.5,88.5,23,NN,DIG,5,"San Jose, Loma Prieta",
557,KJ6IFS,444.02500,+,5.00000,Tone,103.5,103.5,023,NN,Auto,5,"Upper Lake",
558,K6HLE,444.03750,+,5.00000,,88.5,88.5,23,NN,DIG,5,"San Jose",
559,NN6J,444.03750,+,5.00000,,88.5,88.5,23,NN,DIG,5,"Sonoma, Sonoma Mountain",
560,K6CHG,444.03750,+,5.00000,,88.5,88.5,023,NN,FM,5,"Timber Cove",
561,K6CHG,444.03750,+,5.00000,,88.5,88.5,23,NN,DIG,5,"Timber Cove",
562,K6NP,444.05000,+,5.00000,,88.5,88.5,023,NN,FM,5,"Grass Valley",
563,KD6CUC,444.05000,+,5.00000,,88.5,88.5,023,NN,FM,5,"San Jose",
564,WA6EUZ,444.07500,+,5.00000,,88.5,88.5,023,NN,FM,5,"Diamond Springs",
565,WB6ORK,444.07500,+,5.00000,Tone,203.5,88.5,023,NN,FM,5,"King City",
566,WW6BAY,444.07500,+,5.00000,,88.5,88.5,23,NN,DV,5,"Palo Alto, Black Mountain",
567,W6NIF,444.10000,+,5.00000,Tone,100.0,88.5,023,NN,FM,5,"Fresno, Meadow Lakes",
568,KC6WTF,444.10000,+,5.00000,,88.5,88.5,23,NN,DIG,5,"Morgan Hill",
569,N6TLQ,444.10000,+,5.00000,,88.5,88.5,023,NN,FM,5,"San Jose",
570,W6SLO,444.10000,+,5.00000,Tone,127.3,127.3,023,NN,FM,5,"San Luis Obispo, Tassajara Peak",
571,W6SLO,444.10000,+,5.00000,Tone,127.3,127.3,023,NN,FM,5,"San Simeon, Rocky Butte",
572,KH8AF,444.12500,+,5.00000,,88.5,88.5,023,NN,FM,5,"Cohasset",
573,KE3RQ,444.12500,+,5.00000,,88.5,88.5,023,NN,FM,5,"Fairfield",
574,K7FED,444.12500,+,5.00000,Tone,100.0,100.0,023,NN,FM,5,"Livermore",
575,WB6LPZ,444.12500,+,5.00000,,88.5,88.5,023,NN,FM,5,"Los Gatos",
576,W6SEL,444.12500,+,5.00000,,88.5,88.5,023,NN,FM,5,"Vacaville",
577,N6PMF,444.15000,+,5.00000,,88.5,88.5,023,NN,FM,5,"Calistoga",
578,N3EL,444.15000,+,5.00000,Tone,103.5,103.5,023,NN,FM,5,"Newark",
579,KH8AF,444.15000,+,5.00000,,88.5,88.5,023,NN,FM,5,"Red Bluff",
580,N6TKW,444.17500,+,5.00000,Tone,151.4,88.5,023,NN,FM,5,"Calistoga",
581,WA6RQX,444.17500,+,5.00000,Tone,192.8,88.5,023,NN,FM,5,"San Jose",
582,KB6CIO,444.17500,+,5.00000,,88.5,88.5,23,NN,DIG,5,"San Miguel",
583,WA6RQX,444.17500,+,5.00000,Tone,141.3,88.5,023,NN,FM,5,"Westley",
584,K6BIQ,444.20000,+,5.00000,Tone,100.0,88.5,023,NN,FM,5,"Elk Creek",
585,W6TO,444.20000,+,5.00000,Tone,141.3,88.5,023,NN,FM,5,"Fresno",
586,W6RGG,444.20000,+,5.00000,Tone,107.2,88.5,023,NN,FM,5,"San Leandro",
587,N6GKJ,444.22500,+,5.00000,,88.5,88.5,23,NN,DIG,5,"Lodi",
588,KE6JTK,444.22500,+,5.00000,Tone,131.8,88.5,023,NN,FM,5,"Los Altos Hills",
589,NI6B,444.22500,+,5.00000,,88.5,88.5,023,NN,FM,5,"Petaluma",
590,W6PW,444.22500,+,5.00000,DTCS,88.5,88.5,664,NN,Auto,5,"San Francisco , VA Hospital",
591,N6KMR,444.25000,+,5.00000,Tone,100.0,100.0,023,NN,FM,5,"Alturas",
592,WB6ASU,444.25000,+,5.00000,Tone,114.8,88.5,023,NN,FM,5,"Lodi",
593,K6JSI,444.25000,+,5.00000,Tone,100.0,100.0,023,NN,FM,5,"Meadow Lakes",
594,WB6TCS,444.25000,+,5.00000,Tone,100.0,88.5,023,NN,FM,5,"Oakland, Oakland Hills",
595,KG6IBA,444.27500,+,5.00000,Tone,127.3,88.5,023,NN,FM,5,"Auberry",
596,WA6VPL,444.27500,+,5.00000,,88.5,88.5,023,NN,FM,5,"King City, Williams Hill",
597,WA6VPL,444.27500,+,5.00000,Tone,88.5,88.5,023,NN,FM,5,"Lompoc, Vandenberg AFB",
598,N6SPD,444.27500,+,5.00000,Tone,123.0,88.5,023,NN,FM,5,"Monterey",
599,KJ6LVV,444.27500,+,5.00000,,88.5,88.5,23,NN,DV,5,"Oroville",
600,N6LDJ,444.27500,+,5.00000,,88.5,88.5,23,NN,DIG,5,"Pleasanton",
601,WA6KQB,444.27500,+,5.00000,Tone,82.5,88.5,023,NN,FM,5,"San Pablo",
602,WA6JQV,444.27500,+,5.00000,,88.5,88.5,023,NN,FM,5,"Truckee",
603,N6ICW,444.30000,+,5.00000,,88.5,88.5,023,NN,FM,5,"Dobbins",
604,WB6RNH,444.30000,+,5.00000,Tone,162.2,88.5,023,NN,FM,5,"San Jose",
605,WB6RNH,444.30000,+,5.00000,Tone,173.8,88.5,023,NN,FM,5,"San Jose",
606,AB7BS,444.32500,+,5.00000,Tone,100.0,88.5,023,NN,FM,5,"Redding, Shasta Bally",
607,KD6AOG,444.32500,+,5.00000,Tone,127.3,88.5,023,NN,FM,5,"San Jose",
608,WA6TCG,444.32500,+,5.00000,Tone,94.8,88.5,023,NN,FM,5,"Stockton",
609,K6PRN,444.35000,+,5.00000,,88.5,88.5,023,NN,FM,5,"Mt Shasta City",
610,WW6BAY,444.35000,+,5.00000,,88.5,88.5,23,NN,DIG,5,"Palo Alto, Black Mountain",
611,K6DOA,444.35000,+,5.00000,,88.5,88.5,23,NN,DIG,5,"San Luis Obispo",
612,W6BXN,444.35000,+,5.00000,,88.5,88.5,23,NN,DIG,5,"Turlock",
613,K6MXZ,444.37500,+,5.00000,Tone,123.0,88.5,023,NN,FM,5,"Coarsegold,  Trabuco Mountain",
614,WB6RUT,444.37500,+,5.00000,,88.5,88.5,023,NN,FM,5,"Santa Rosa",
615,WA6RQX,444.37500,+,5.00000,Tone,100.0,88.5,023,NN,FM,5,"Soledad",
616,KE6ADC,444.40000,+,5.00000,Tone,136.5,88.5,023,NN,FM,5,"Chico",
617,KE6YMW,444.40000,+,5.00000,Tone,82.5,88.5,023,NN,FM,5,"Coarsegold",
618,N6GKJ,444.40000,+,5.00000,Tone,114.8,114.8,023,NN,Auto,5,"Copperopolis, Gopher Ridge",
619,WA6YCZ,444.40000,+,5.00000,Tone,100.0,88.5,23,NN,DIG,5,"San Jose, Mt Umunhum",
620,KG6KKV,444.42500,+,5.00000,Tone,100.0,88.5,023,NN,FM,5,"Bakersfield, Cummings Mountain",
621,WW6BAY,444.42500,+,5.00000,Tone,127.3,88.5,023,NN,Auto,5,"Palo Alto, Black Mtn",
622,K6PRN,444.42500,+,5.00000,Tone,127.3,88.5,023,NN,FM,5,"Sacramento",
623,K6PRN,444.42500,+,5.00000,,88.5,88.5,023,NN,FM,5,"Yreka",
624,N6YJ,444.45000,+,5.00000,Tone,107.2,88.5,023,NN,FM,5,"Martinez",
625,WB6JSO,444.45000,+,5.00000,Tone,100.0,88.5,023,NN,FM,5,"San Jose",
626,WA6MSN,444.45000,+,5.00000,Tone,127.3,88.5,023,NN,FM,5,"Visalia",
627,K6IOK,444.47500,+,5.00000,Tone,94.8,88.5,023,NN,FM,5,"Auburn, Stony Ridge",
628,K6IRC,444.47500,+,5.00000,,88.5,88.5,023,NN,FM,5,"Calistoga",
629,N6AMO,444.47500,+,5.00000,Tone,110.9,88.5,023,NN,FM,5,"Monterey",
630,AB7BS,444.47500,+,5.00000,Tone,100.0,88.5,023,NN,FM,5,"Mt Shasta City, Mt Bradley",
631,W6OTX,444.47500,+,5.00000,,88.5,88.5,23,NN,DIG,5,"San Jose",
632,W6FM,444.47500,+,5.00000,,88.5,88.5,023,NN,FM,5,"San Luis Obispo",
633,K6IOK,444.50000,+,5.00000,,88.5,88.5,23,NN,DV,5,"Auburn ",
634,KF6CCP,444.50000,+,5.00000,Tone,103.5,88.5,023,NN,FM,5,"Chester",
635,WB6NIL,444.50000,+,5.00000,Tone,131.8,88.5,023,NN,FM,5,"Coarsegold",
636,K6MPN,444.50000,+,5.00000,Tone,100.0,88.5,023,NN,FM,5,"Redwood City",
637,K6TRK,444.50000,+,5.00000,Tone,114.8,114.8,023,NN,FM,5,"Stockton, Coronado Tower",
638,W6TCD,444.52500,+,5.00000,Tone,107.2,88.5,023,NN,FM,5,"Merced",
639,N6GAI,444.52500,+,5.00000,Tone,123.0,88.5,023,NN,FM,5,"Monterey",
640,K6ZRX,444.52500,+,5.00000,Tone,151.4,151.4,023,NN,FM,5,"Napa",
641,W6JSO,444.52500,+,5.00000,Tone,123.0,123.0,23,NN,P25,5,"Salinas, Laguna Seca",
642,W6FM,444.52500,+,5.00000,Tone,127.3,88.5,023,NN,FM,5,"San Luis Obispo, Tassajara Peak",
643,AA6GV,444.52500,+,5.00000,,88.5,88.5,023,NN,FM,5,"Vacaville",
644,W6FM,444.55000,+,5.00000,,88.5,88.5,023,NN,FM,5,"King City",
645,NC6SV,444.55000,+,5.00000,Tone,100.0,88.5,023,NN,FM,5,"Redding, South Fork Mountain",
646,WA6EUZ,444.55000,+,5.00000,,88.5,88.5,023,NN,FM,5,"Sausalito",
647,AF6EQ,444.55000,-,5.00000,Tone,100.0,88.5,023,NN,FM,5,"Sunnyvale",
648,K6QLF,444.57500,+,5.00000,Tone,88.5,88.5,023,NN,FM,5,"Alameda, Alameda Hospital",
649,WA6CAM,444.57500,+,5.00000,Tone,173.8,173.8,023,NN,FM,5,"Mojave",
650,KE6NDG,444.57500,+,5.00000,,88.5,88.5,23,NN,DIG,5,"Susanville",
651,WA6EUZ,444.57500,+,5.00000,,88.5,88.5,023,NN,FM,5,"Vacaville,  Mt Vaca",
652,N6NMZ,444.60000,+,5.00000,Tone,192.8,88.5,023,NN,FM,5,"Auburn",
653,W6IY,444.60000,+,5.00000,Tone,100.0,88.5,023,NN,FM,5,"Bishop, Silver Peak",
654,KB6RHD,444.60000,+,5.00000,Tone,141.3,141.3,023,NN,FM,5,"Kingsburg",
655,K6CQX,444.60000,+,5.00000,Tone,151.4,88.5,023,NN,FM,5,"Pacific Grove, Forest Hill",
656,KB6BF,444.60000,+,5.00000,Tone,131.8,88.5,023,NN,FM,5,"Pismo Beach",
657,WB6OQS,444.60000,+,5.00000,Tone,141.3,88.5,023,NN,FM,5,"San Jose",
658,KD6NOL,444.62500,+,5.00000,Tone,107.2,88.5,023,NN,FM,5,"Redding",
659,K6RAK,444.62500,+,5.00000,Tone,123.0,88.5,023,NN,FM,5,"Sacramento",
660,N6NAC,444.62500,+,5.00000,Tone,110.9,88.5,023,NN,FM,5,"San Jose",
661,KE6CHO,444.65000,+,5.00000,Tone,94.8,94.8,023,NN,FM,5,"Burney, Hatchet Mountain",
662,W6PUE,444.65000,+,5.00000,Tone,94.8,88.5,023,NN,FM,5,"Oakland",
663,KD6LOM,444.65000,+,5.00000,Tone,131.8,88.5,023,NN,FM,5,"Redding",
664,K6KVA,444.65000,+,5.00000,Tone,114.8,114.8,023,NN,FM,5,"Sonora",
665,W6FBW,444.66000,+,5.00000,Tone,123.0,123.0,023,NN,FM,5,"Hanford",
666,KG6FOS,444.67500,+,5.00000,Tone,107.2,88.5,023,NN,FM,5,"Bakersfield",
667,K6PRN,444.67500,+,5.00000,Tone,156.7,88.5,023,NN,FM,5,"Canby",
668,KJ6RA,444.67500,+,5.00000,Tone,100.0,88.5,023,NN,FM,5,"Mill Valley, Mt Tamalpais",
669,N6GVI,444.70000,+,5.00000,Tone,100.0,88.5,023,NN,FM,5,"El Cerrito",
670,W6BXN,444.70000,+,5.00000,Tone,107.2,88.5,023,NN,FM,5,"Mariposa, Mt Bullion",
671,KB6Q,444.70000,+,5.00000,Tone,100.0,88.5,023,NN,FM,5,"Nipomo",
672,K6LY,444.70000,+,5.00000,Tone,123.0,88.5,023,NN,FM,5,"Pebble Beach, Huckleberry Hill",
673,WB6KHP,444.70000,+,5.00000,Tone,127.3,127.3,023,NN,FM,5,"San Jose, Good Samaritan Hospital",
674,KA6FTY,444.72500,+,5.00000,,88.5,88.5,023,NN,FM,5,"Citrus Heights",
675,K6ARP,444.72500,+,5.00000,Tone,141.3,88.5,023,NN,FM,5,"Clovis, Mile High",
676,WA6TTL,444.72500,+,5.00000,Tone,141.3,88.5,023,NN,FM,5,"Mammoth Lakes, Mammoth Lakes",
677,K6GOD,444.72500,+,5.00000,Tone,162.2,162.2,023,NN,FM,5,"Milpitas, Mission Peak",
678,,444.72500,+,5.00000,Tone,103.5,88.5,023,NN,FM,5,"San Francisco",
679,N6TKW,444.72500,+,5.00000,Tone,151.4,151.4,023,NN,FM,5,"Yountville, Mt Veeder",
680,N6SMU,444.75000,+,5.00000,Tone,141.3,88.5,023,NN,FM,5,"Bakersfield",
681,WA6RQX,444.75000,+,5.00000,Tone,100.0,88.5,023,NN,FM,5,"Eureka, Bunker Hill",
682,K6RTL,444.75000,+,5.00000,Tone,167.9,88.5,023,NN,FM,5,"Grass Valley",
683,N9JIM,444.75000,+,5.00000,Tone,100.0,88.5,023,NN,FM,5,"San Jose",
684,KD6RC,444.75000,+,5.00000,Tone,82.5,88.5,023,NN,FM,5,"Santa Rosa",
685,WA6RQX,444.75000,+,5.00000,Tone,123.0,88.5,023,NN,FM,5,"Santa Rosa, Sanel Mountain",
686,WA6RTL,444.75000,+,5.00000,Tone,107.2,88.5,023,NN,FM,5,"Vacaville",
687,W6YOP,444.77500,+,5.00000,Tone,127.3,127.3,023,NN,FM,5,"Oakland",
688,KE6NDG,444.77500,+,5.00000,,88.5,88.5,23,NN,DIG,5,"Susanville",
689,W6BXN,444.78750,+,5.00000,,88.5,88.5,23,NN,DIG,5,"Mariposa, Mt Bullion",
690,WA6ZFT,444.80000,+,5.00000,Tone,88.5,88.5,023,NN,FM,5,"Bishop",
691,WA6GEL,444.80000,+,5.00000,,88.5,88.5,023,NN,FM,5,"Daly City",
692,WA6GEL,444.80000,+,5.00000,,88.5,88.5,023,NN,FM,5,"Fremont",
693,WA6RQX,444.80000,+,5.00000,,88.5,88.5,023,NN,FM,5,"Laytonville",
694,WA6VPL,444.80000,+,5.00000,,88.5,88.5,023,NN,FM,5,"Lompoc",
695,W6HHD,444.80000,+,5.00000,,88.5,88.5,023,NN,FM,5,"Mariposa",
696,KD6GLT,444.80000,+,5.00000,Tone,110.9,88.5,023,NN,FM,5,"Oakland",
697,WA6GEL,444.80000,+,5.00000,,88.5,88.5,023,NN,FM,5,"San Jose",
698,NV6RN,444.80000,+,5.00000,Tone,156.7,88.5,023,NN,FM,5,"Stockton",
699,KF6QBW,444.82500,+,5.00000,Tone,100.0,88.5,023,NN,FM,5,"Crescent City",
700,N6SGW,444.82500,+,5.00000,Tone,141.3,88.5,023,NN,FM,5,"Dinuba",
701,W6TIQ,444.82500,+,5.00000,,88.5,88.5,023,NN,FM,5,"Kelsey",
702,AB6MF,444.82500,+,5.00000,Tone,100.0,88.5,023,NN,FM,5,"Mt Shasta City",
703,WA6TIP,444.82500,+,5.00000,Tone,131.8,88.5,023,NN,FM,5,"Sebastopol",
704,N6LZR,444.85000,+,5.00000,Tone,103.5,88.5,023,NN,FM,5,"Angels Camp",
705,KB6LED,444.85000,+,5.00000,,88.5,88.5,23,NN,DIG,5,"Hayward",
706,K6KYA,444.85000,+,5.00000,Tone,114.8,88.5,023,NN,FM,5,"San Francisco",
707,W6PUE,444.85000,+,5.00000,,88.5,88.5,023,NN,FM,5,"Vacaville",
708,K6FJ,444.87500,+,5.00000,Tone,123.0,88.5,023,NN,FM,5,"Concord",
709,KE6NDG,444.87500,+,5.00000,,88.5,88.5,23,NN,DIG,5,"Susanville",
710,KU6V,444.90000,+,5.00000,Tone,110.9,88.5,023,NN,FM,5,"San Jose, Santa Cruz Mountains",
711,KC6WRD,444.90000,+,5.00000,Tone,127.3,88.5,023,NN,FM,5,"San Luis Obispo",
712,KF6SZA,444.90000,+,5.00000,Tone,88.5,88.5,023,NN,FM,5,"Santa Rosa",
713,AB6MF,444.90000,+,5.00000,Tone,100.0,88.5,023,NN,FM,5,"Yreka",
714,WR6ASF,444.92500,+,5.00000,Tone,88.5,88.5,023,NN,FM,5,"Alleghany",
715,K6RET,444.92500,+,5.00000,Tone,103.5,103.5,023,NN,FM,5,"Bakersfield",
716,AB6LI,444.92500,+,5.00000,Tone,151.4,88.5,023,NN,FM,5,"Grass Valley",
717,KB6LCS,444.92500,+,5.00000,Tone,151.4,88.5,023,NN,FM,5,"Los Gatos",
718,KB6LCS,444.92500,+,5.00000,Tone,136.5,88.5,023,NN,FM,5,"San Francisco",
719,K7WWA,444.92500,+,5.00000,Tone,100.0,88.5,023,NN,FM,5,"Willits, Laughlin Ridge",
720,KK6DJ,444.93750,+,5.00000,,88.5,88.5,23,NN,DIG,5,"San Luis Obispo",
721,K6JSI,444.95000,+,5.00000,Tone,100.0,88.5,023,NN,FM,5,"Auburn,  Sugar Pine Ridge",
722,N6CVC,444.95000,+,5.00000,Tone,100.0,88.5,023,NN,FM,5,"Hanford",
723,W6JP,444.95000,+,5.00000,Tone,100.0,88.5,023,NN,FM,5,"Nevada City",
724,KB6LED,444.95000,+,5.00000,Tone,162.2,88.5,023,NN,FM,5,"Palo Alto",
725,W6QWN,444.95000,+,5.00000,Tone,110.9,88.5,023,NN,FM,5,"Red Bluff",
726,W6PUE,444.95000,+,5.00000,,88.5,88.5,023,NN,FM,5,"Tahoe City",
727,WB6KHP,444.97500,+,5.00000,Tone,127.3,127.3,023,NN,FM,5,"Los Gatos, Santa Cruz Mountains",
728,W6SLO,444.97500,+,5.00000,Tone,127.3,88.5,023,NN,FM,5,"Los Osos, Clark Valley / Irish Hills",
729,W6BJ,444.97500,+,5.00000,Tone,136.5,88.5,023,NN,FM,5,"Meadow Lakes",
730,K6ME,444.97500,+,5.00000,Tone,91.5,88.5,023,NN,FM,5,"Susanville, Inspiration Point",
731,KC6SOT,444.98750,+,5.00000,,88.5,88.5,23,NN,DIG,5,"Sebastopol",
732,KC6SOT,444.98750,+,5.00000,,88.5,88.5,23,NN,DIG,5,"Sebastopol",
733,,444.98750,+,5.00000,Tone,156.7,107.2,023,NN,FM,5,"Tahoma, Spider Lake",
734,WA6HYQ,445.02000,-,5.00000,Tone,123.0,123.0,023,NN,FM,5,"La Mesa",
735,K6HOG,445.04000,-,5.00000,Tone,107.2,88.5,023,NN,FM,5,"Sylmar, Contractors Pt",
736,KM6EON,445.06000,-,5.00000,Tone,186.2,88.5,023,NN,FM,5,"Alhambra, Cal State LA",
737,KB6OZX,445.06000,-,5.00000,Tone,162.2,88.5,023,NN,FM,5,"Riverside",
738,NO6B,445.08000,-,5.00000,Tone,103.5,103.5,023,NN,FM,5,"Diamond Bar",
739,KE6UPI,445.08000,-,5.00000,Tone,82.5,88.5,023,NN,FM,5,"Temecula",
740,KI6DB,445.10000,-,5.00000,Tone,100.0,88.5,023,NN,FM,5,"Aliso Viejo",
741,WB6NIL,445.10000,-,5.00000,Tone,82.5,88.5,023,NN,FM,5,"Chatsworth, Oat Mountain",
742,WW6Y,445.10000,-,5.00000,Tone,179.9,179.9,023,NN,FM,5,"Lake Arrowhead, Heaps Peak",
743,KK6HS,445.12000,-,5.00000,Tone,100.0,88.5,023,NN,FM,5,"Fullerton, Fullerton Hills",
744,W6DXX,445.14000,-,5.00000,,88.5,88.5,023,NN,FM,5,"Yucaipa, Little San Gorgonio Peak",
745,W6CTR,445.16000,-,5.00000,Tone,151.4,88.5,023,NN,FM,5,"Banning, Snow Peak",
746,KJ6QFS,445.18000,-,5.00000,Tone,151.4,88.5,023,NN,FM,5,"Moreno Valley, Reche Peak",
747,W6DHR,445.18000,-,5.00000,Tone,151.4,88.5,023,NN,FM,5,"Saddle Peak",
748,WR6JPL,445.20000,-,5.00000,DTCS,88.5,88.5,365,NN,FM,5,"La Canada, JPL (building)",
749,W6BJB,445.20000,-,5.00000,Tone,127.3,127.3,023,NN,Auto,5,"Oceanside",
750,WR6JPL,445.20000,-,5.00000,Tone,103.5,88.5,023,NN,FM,5,"Pasadena, JPL Mesa",
751,WB6NIL,445.22000,-,5.00000,Tone,123.0,88.5,023,NN,FM,5,"Alhambra",
752,KE6PCV,445.22000,-,5.00000,Tone,88.5,88.5,023,NN,FM,5,"Corona",
753,KC6HUR,445.22000,-,5.00000,Tone,110.9,88.5,023,NN,FM,5,"Sun Valley",
754,WB6VMV,445.24000,-,5.00000,Tone,88.5,88.5,023,NN,FM,5,"El Segundo",
755,KW6WW,445.24000,-,5.00000,Tone,127.3,127.3,023,NN,FM,5,"Wrightwood",
756,K6VGP,445.26000,-,5.00000,Tone,127.3,88.5,023,NN,FM,5,"Verdugo Peak, Verdugo Peak",
757,K6VGP,445.28000,-,5.00000,Tone,127.3,88.5,023,NN,FM,5,"Palos Verdes, San Pedro Hill",
758,WA6IGJ,445.30000,-,5.00000,,88.5,88.5,023,NN,FM,5,"Orange,  UCI Med Ctr",
759,K6RH,445.30000,-,5.00000,Tone,127.3,127.3,023,NN,FM,5,"Palos Verdes",
760,AI6BX,445.30000,-,5.00000,,88.5,88.5,23,NN,DIG,5,"Redlands",
761,W6JW,445.30000,-,5.00000,Tone,100.0,88.5,023,NN,FM,5,"Santa Clarita, Mad Mountain",
762,W6CDF,445.30000,-,5.00000,Tone,100.0,88.5,023,NN,FM,5,"Temecula, Fire Station",
763,WA6MDJ,445.32000,-,5.00000,Tone,88.5,94.8,023,NN,FM,5,"Culver City,  Baldwin Hills",
764,W6LAR,445.34000,-,5.00000,Tone,88.5,88.5,023,NN,FM,5,"Redlands,  Sunset Hills",
765,KC6JAR,445.34000,-,5.00000,Tone,71.9,88.5,023,NN,FM,5,"Sylmar, Contractors Point",
766,K6CCC,445.38000,-,5.00000,Tone,100.0,88.5,23,NN,P25,5,"Glendale, Flint Peak",
767,WA6LSE,445.38000,-,5.00000,Tone,127.3,127.3,023,NN,FM,5,"Moreno Valley, Box Springs",
768,WD6DIH,445.40000,-,5.00000,Tone,110.9,88.5,023,NN,FM,5,"Irvine, Signal Peak",
769,WD6FZA,445.42000,-,5.00000,Tone,127.3,127.3,023,NN,FM,5,"Santa Monica, Saddle Peak",
770,W6UE,445.44000,-,5.00000,Tone,127.3,127.3,023,NN,FM,5,"Pasadena, Mirador Peak",
771,K6LAM,445.46000,-,5.00000,,88.5,88.5,023,NN,FM,5,"Chatsworth Peak",
772,NO6B,445.46000,-,5.00000,,88.5,88.5,023,NN,FM,5,"Lake Arrowhead",
773,K6TEM,445.48000,-,5.00000,Tone,131.8,88.5,023,NN,FM,5,"Arcadia, Santa Anita Ridge",
774,N6ND,445.48000,-,5.00000,Tone,77.0,88.5,023,NN,FM,5,"Palmdale, Hauser Peak",
775,K6TZ,445.48000,-,5.00000,,88.5,88.5,23,NN,Auto,5,"Santa Barbara, La Vigia Hill",
776,N6EX,445.50000,-,5.00000,Tone,85.4,88.5,023,NN,FM,5,"Arcadia, Santa Anita Ridge",
777,K6KBF,445.52000,-,5.00000,Tone,85.4,85.4,023,NN,FM,5,"Buena Park, Knotts Berry Farm",
778,K6BDE,445.52000,-,5.00000,Tone,123.0,88.5,023,NN,FM,5,"Pacific Palisades",
779,WD6ABC,445.54000,-,5.00000,Tone,123.0,123.0,023,NN,Auto,5,"Altadena, Mt. Wilson",
780,K6OPJ,445.56000,-,5.00000,Tone,136.5,88.5,023,NN,Auto,5,"Chino",
781,WD6EBY,445.56000,-,5.00000,Tone,141.3,141.3,023,NN,FM,5,"Ojai, Sulphur Mountain",
782,KI6AZQ,445.56000,-,5.00000,Tone,156.7,156.7,023,NN,Auto,5,"Palomar Mountain, Palomar Observatory",
783,KG6SLC,445.56000,-,5.00000,Tone,110.9,110.9,023,NN,FM,5,"Quartz Hill, water tank",
784,W6KAT,445.56000,-,5.00000,Tone,100.0,100.0,023,NN,Auto,5,"Whittier, Whittier Hills",
785,W6VLD,445.58000,-,5.00000,Tone,94.8,88.5,023,NN,FM,5,"Huntington Beach, Boeing",
786,K6CPP,445.58000,-,5.00000,Tone,156.7,88.5,023,NN,FM,5,"Pomona",
787,K6ERN,445.58000,-,5.00000,Tone,100.0,100.0,023,NN,FM,5,"Simi Valley, Mellow Lane",
788,WD6EBY,445.60000,-,5.00000,Tone,141.3,141.3,023,NN,FM,5,"Camarillo, Camarillo Hills",
789,K6CCR,445.60000,-,5.00000,Tone,131.8,131.8,023,NN,FM,5,"Culver City",
790,N6FQ,445.60000,-,5.00000,Tone,107.2,107.2,023,NN,FM,5,"Fallbrook, Red Mountain",
791,K6LLU,445.60000,-,5.00000,Tone,118.8,88.5,023,NN,FM,5,"Loma Linda, LLUMC",
792,KJ6W,445.60000,-,5.00000,Tone,100.0,100.0,023,NN,FM,5,"Palmdale, Ten-Hi",
793,KB6LJQ,445.60000,-,5.00000,Tone,114.8,88.5,023,NN,FM,5,"Ventura",
794,W6HA,445.62000,-,5.00000,Tone,127.3,88.5,023,NN,FM,5,"El Segundo, Raytheon",
795,W6CDW,445.62000,-,5.00000,Tone,173.8,173.8,023,NN,FM,5,"Lake Elsinore, Elsinore Peak",
796,WA6NVL,445.62000,-,5.00000,,88.5,88.5,23,NN,DIG,5,"Spring Valley, Dictionary Hill",
797,W6TOI,445.64000,-,5.00000,Tone,156.7,88.5,023,NN,FM,5,"Altadena",
798,WD6EBY,445.64000,-,5.00000,Tone,141.3,141.3,023,NN,FM,5,"Carpinteria, Rincon Mtn.",
799,K6NYB,445.64000,-,5.00000,Tone,67.0,88.5,023,NN,FM,5,"Frazier Park",
800,K6IFR,445.64000,-,5.00000,Tone,131.8,88.5,023,NN,FM,5,"Palm Springs, Indio Hills",
801,K6SOA,445.66000,-,5.00000,Tone,110.9,88.5,023,NN,FM,5,"Laguna Beach, Temple Hill",
802,N6DVA,445.66000,-,5.00000,,88.5,88.5,23,NN,DIG,5,"Los Angeles",
803,KB6BZZ,445.68000,-,5.00000,Tone,141.3,88.5,023,NN,FM,5,"Apple Valley",
804,N6JLY,445.68000,-,5.00000,Tone,136.5,136.5,23,NN,DIG,5,"Glendale, Mt Thom",
805,N6DCR,445.68000,-,5.00000,Tone,123.0,123.0,023,NN,Auto,5,"San Diego, Black Mtn",
806,N6BMW,445.70000,-,5.00000,,88.5,88.5,23,NN,DIG,5,"Ojai, Sulphur Mountain",
807,K6AMS,445.70000,-,5.00000,Tone,151.4,151.4,023,NN,FM,5,"Running Springs",
808,K6SOA,445.70500,-,5.00000,,88.5,88.5,23,NN,DV,5,"Laguna Beach, Temple Hill",
809,N6RPV,445.72000,-,5.00000,,88.5,88.5,23,NN,DIG,5,"Rancho Palos Verdes",
810,N6BMW,445.72000,-,5.00000,,88.5,88.5,23,NN,DIG,5,"Santa Paula",
811,N6BMW,445.72000,-,5.00000,,88.5,88.5,23,NN,DIG,5,"Ventura",
812,K6JHX,445.74000,-,5.00000,Tone,151.4,151.4,023,NN,FM,5,"Agoura, Castro Peak",
813,KI6HHU,445.76000,-,5.00000,Tone,141.3,88.5,023,NN,FM,5,"Channel Islands Harbor, Ventura",
814,KD6DDM,445.76000,-,5.00000,Tone,103.5,88.5,023,NN,Auto,5,"Corona, Sierra Peak",
815,KD6RSQ,445.76000,-,5.00000,Tone,88.5,88.5,023,NN,FM,5,"Ramona",
816,K6PIN,445.78000,-,5.00000,Tone,88.5,88.5,023,NN,Auto,5,"Crestline",
817,WA6IBL,445.80000,-,5.00000,Tone,88.5,88.5,023,NN,FM,5,"Altadena, Mt. Disappointment",
818,W6RRN,445.80000,-,5.00000,Tone,88.5,88.5,023,NN,FM,5,"Chatsworth, Chatsworth Peak",
819,K6VGP,445.82000,-,5.00000,Tone,88.5,88.5,023,NN,FM,5,"Santa Monica, Saddle Peak",
820,WD6EBY,445.84000,-,5.00000,Tone,141.3,141.3,023,NN,FM,5,"Chatsworth, Chatsworth Peak",
821,W6AJP,445.84000,-,5.00000,Tone,141.3,141.3,023,NN,FM,5,"Chino Hills",
822,AF6TG,445.84000,-,5.00000,Tone,100.0,100.0,023,NN,FM,5,"Leona Valley",
823,WB6YES,445.86000,-,5.00000,,88.5,88.5,23,NN,DV,5,"Escondido, Palomar Mountain",
824,KI6MGN,445.86000,-,5.00000,,88.5,88.5,23,NN,DIG,5,"Palomar, Palomar Mtn",
825,K6PQN,445.86000,-,5.00000,Tone,114.8,88.5,023,NN,FM,5,"Upland",
826,KI6MGN,445.86500,-,5.00000,,88.5,88.5,23,NN,DV,5,"Escondido, Palomar Mountain",
827,K7FY,445.88000,-,5.00000,,88.5,88.5,023,NN,FM,5,"Chatsworth,  Oat Mountain",
828,AA4CD,445.88000,-,5.00000,,88.5,88.5,23,NN,DIG,5,"San Marcos",
829,KC6TKA,445.90000,-,5.00000,Tone,107.2,88.5,023,NN,FM,5,"Canyon Country",
830,WA6BGS,445.90000,-,5.00000,Tone,107.2,88.5,023,NN,FM,5,"El Cajon",
831,KC4OGF,445.90000,-,5.00000,Tone,127.3,88.5,023,NN,Auto,5,"Irvine",
832,N6RPG,445.90000,-,5.00000,Tone,146.2,88.5,023,NN,FM,5,"Phelan",
833,KA6GXY,445.90000,-,5.00000,Tone,151.4,88.5,023,NN,FM,5,"Rosemead",
834,KD6AFA,445.92000,-,5.00000,Tone,186.2,88.5,023,NN,FM,5,"Glendale, Mt Lukens",
835,W6CTR,445.94000,-,5.00000,Tone,151.4,151.4,023,NN,FM,5,"Hagador Peak",
836,WZ6A,445.98000,-,5.00000,Tone,107.2,107.2,023,NN,FM,5,"Rancho Palos Verdes",
837,W6FNO,446.02000,-,5.00000,Tone,107.2,107.2,023,NN,FM,5,"San Dimas, Johnstone Peak",
838,KF6FM,446.04000,-,5.00000,Tone,131.8,88.5,023,NN,FM,5,"Pomona,  Sunset Ridge",
839,K6JRM,446.05000,,0.0,Tone,88.5,88.5,023,NN,FM,5,"Blythe",
840,KF6FM,446.06000,-,5.00000,Tone,141.3,88.5,023,NN,FM,5,"Crestline, Strawberry Peak",
841,K6EH,446.06000,-,5.00000,,88.5,88.5,23,NN,DIG,5,"Downey",
842,,446.06000,-,5.00000,,88.5,88.5,23,NN,DIG,5,"Pine Cove",
843,,446.06000,-,5.00000,,88.5,88.5,23,NN,DIG,5,"Rancho Palos Verdes",
844,N6GGS,446.06000,-,5.00000,,88.5,88.5,23,NN,DIG,5,"Victorville, Quartzite Mtn ",
845,W6HDC,446.06250,-,5.00000,,88.5,88.5,23,NN,DIG,5,"El Cajon",
846,K6TMD,446.06250,-,5.00000,,88.5,88.5,23,NN,DIG,5,"Pine Cove",
847,N6GGS,446.06250,-,5.00000,,88.5,88.5,23,NN,DIG,5,"Victorville, Table Mtn",
848,N6LXX,446.10000,-,5.00000,Tone,100.0,100.0,023,NN,FM,5,"Pasadena, Mt. Wilson",
849,N6LXX,446.10000,-,5.00000,Tone,123.0,123.0,023,NN,FM,5,"San Diego, Mt San Miguel",
850,WR6QZ,446.10000,-,5.00000,Tone,136.5,88.5,023,NN,FM,5,"Victorville, Quartzite Mountain",
851,WB6MIE,446.12000,-,5.00000,,88.5,88.5,023,NN,FM,5,"Lake Forest, Santiago Peak",
852,AA6DP,446.14000,-,5.00000,Tone,110.9,110.9,023,NN,FM,5,"Avalon, Buena Vista Pt.",
853,KB6CJZ,446.14000,-,5.00000,Tone,94.8,94.8,023,NN,FM,5,"Orange",
854,W6SS,446.14000,-,5.00000,,88.5,88.5,23,NN,DIG,5,"San Diego",
855,N6JOJ,446.18000,-,5.00000,,88.5,88.5,23,NN,FM,5,"San Diego, Rattlesnake Peak",
856,K6CMD,446.20000,-,5.00000,,88.5,88.5,23,NN,FM,5,"Lake Arrowhead, Heaps Peak",
857,WA6TTL,446.20000,-,5.00000,,88.5,88.5,23,NN,FM,5,"Santa Barbara, La Cumbre Peak",
858,KI6QK,446.22000,-,5.00000,Tone,123.0,123.0,023,NN,FM,5,"Glendale, Mt Lukens",
859,KI6QK,446.22000,-,5.00000,,88.5,88.5,023,NN,FM,5,"Lake Forest, Santiago Peak",
860,K6VGP,446.24000,-,5.00000,,88.5,88.5,023,NN,FM,5,"Altadena, Mt Disappointment",
861,WB6BJM,446.28000,-,5.00000,,88.5,88.5,023,NN,FM,5,"Hollywood, Hollywood Hills",
862,NO6B,446.28000,-,5.00000,,88.5,88.5,023,NN,FM,5,"Rowland Heights",
863,KF6JEE,446.28000,-,5.00000,Tone,131.8,88.5,023,NN,FM,5,"Woodside",
864,WR6CM,446.30000,-,5.00000,Tone,136.5,88.5,023,NN,FM,5,"Calico",
865,N6SIM,446.30000,-,5.00000,Tone,127.3,127.3,023,NN,FM,5,"Lake Forest, Santiago Peak",
866,KA3AJM,446.30000,-,5.00000,,88.5,88.5,023,NN,FM,5,"Vista",
867,WA6TWF,446.32000,-,5.00000,,88.5,88.5,023,NN,FM,5,"Lake Forest, Santiago Peak",
868,WA6UEO,446.32500,-,5.00000,,88.5,88.5,23,NN,DIG,5,"Ventura, Red Mtn.",
869,WA6TWF,446.34000,-,5.00000,,88.5,88.5,023,NN,FM,5,"Lake Forest, Santiago Peak",
870,KI6WZX,446.34000,-,5.00000,,88.5,88.5,23,NN,DV,5,"Running Springs , Keller Peak",
871,WD6FZA,446.38000,-,5.00000,Tone,127.3,127.3,023,NN,FM,5,"Anza, Toro Peak",
872,WR6TM,446.38000,-,5.00000,Tone,136.5,88.5,023,NN,FM,5,"Baker, Halloran Summit",
873,W6KGB,446.38000,-,5.00000,Tone,136.5,88.5,023,NN,P25,5,"Chatsworth, Chatsworth Peak",
874,KD6KQ,446.38000,-,5.00000,,88.5,88.5,023,NN,FM,5,"Lake Forest, Santiago Peak",
875,WA6ITC,446.40000,-,5.00000,Tone,162.2,88.5,023,NN,FM,5,"Big Bear City",
876,KD6PXZ,446.40000,-,5.00000,Tone,100.0,88.5,023,NN,FM,5,"Quartz Hill",
877,WA6FZH,446.40000,-,5.00000,Tone,103.5,103.5,023,NN,FM,5,"San Dimas, Johnstone Peak",
878,K6TZ,446.40000,-,5.00000,Tone,131.8,88.5,023,NN,FM,5,"Santa Barbara, La Vigia Hill",
879,WA6FZH,446.40000,-,5.00000,Tone,88.5,88.5,023,NN,FM,5,"Seal Beach",
880,WA6ITC,446.42000,-,5.00000,Tone,162.2,162.2,023,NN,FM,5,"Big Bear City",
881,KK6SMA,446.42000,-,5.00000,DTCS,88.5,88.5,432,NN,Auto,5,"Hemet, Highway 74",
882,KK6SMA,446.42000,-,5.00000,Tone,79.7,79.7,023,NN,Auto,5,"Moreno Valley",
883,K6KTA,446.42000,-,5.00000,Tone,107.2,107.2,023,NN,FM,5,"Mt Laguna, Stephenson Pk",
884,W6YJ,446.42000,-,5.00000,,88.5,88.5,023,NN,FM,5,"Santa Monica, Saddle Peak",
885,K6QEH,446.44000,-,5.00000,Tone,114.8,88.5,023,NN,FM,5,"Fullerton, Raytheon Bldg 606",
886,K6JSI,446.46000,-,5.00000,Tone,100.0,88.5,023,NN,FM,5,"Chatsworth, Oat Mountain",
887,WB6DNX,446.54000,-,5.00000,Tone,192.8,88.5,023,NN,FM,5,"Brea, Brea Civic Center",
888,N6MIK,446.54000,-,5.00000,,88.5,88.5,023,NN,FM,5,"Yorba Linda",
889,WD8CIK,446.56000,-,5.00000,Tone,127.3,88.5,023,NN,FM,5,"Hollywood",
890,K6IFR,446.58000,-,5.00000,,88.5,88.5,23,NN,DIG,5,"Palm Springs, Edom Hill",
891,WD6FZA,446.58000,-,5.00000,Tone,156.7,88.5,023,NN,FM,5,"San Marcos",
892,W6GTR,446.60000,-,5.00000,Tone,100.0,88.5,023,NN,Auto,5,"Murrieta , Loma Linda Hospital ",
893,W6KGB,446.60000,-,5.00000,Tone,100.0,88.5,023,NN,FM,5,"Santa Cruz Island, Diablo Peak",
894,WA6TTL,446.62000,-,5.00000,Tone,100.0,88.5,023,NN,FM,5,"San Fernando, Loop Canyon",
895,KF6PHX,446.64000,-,5.00000,Tone,77.0,77.0,023,NN,FM,5,"Lake Forest, Santiago Peak",
896,WA6TTL,446.66000,-,5.00000,Tone,77.0,77.0,023,NN,FM,5,"Chatsworth, Chatsworth Peak",
897,WA6LWW,446.68000,-,5.00000,Tone,77.0,77.0,023,NN,FM,5,"Chatsworth,  Oat Mountain",
898,WA6TWF,446.70000,-,5.00000,Tone,156.7,156.7,023,NN,FM,5,"Lake Forest, Santiago Peak",
899,KB6CRE,446.72000,-,5.00000,Tone,156.7,88.5,023,NN,FM,5,"Escondido, Palomar Mountain",
900,K6VGP,446.74000,-,5.00000,Tone,107.2,88.5,023,NN,FM,5,"Palmdale, Ten-Hi",
901,K6VGP,446.74000,-,5.00000,Tone,100.0,88.5,023,NN,FM,5,"Rancho Palos Verdes",
902,KA6DAC,446.75000,-,5.00000,Tone,107.2,88.5,023,NN,FM,5,"San Diego, Mount Laguna",
903,WA6LWW,446.78000,-,5.00000,Tone,107.2,107.2,023,NN,FM,5,"Altadena, Mt Wilson",
904,N6LXX,446.80000,-,5.00000,Tone,103.5,103.5,023,NN,FM,5,"Chatsworth, Oat Mountain",
905,KG6HSQ,446.80000,-,5.00000,Tone,127.3,127.3,023,NN,FM,5,"Fallbrook",
906,KM6RW,446.80000,-,5.00000,Tone,131.8,131.8,023,NN,FM,5,"San Dimas, Johnstone Peak",
907,N6LXX,446.80000,-,5.00000,Tone,110.9,110.9,023,NN,FM,5,"Yermo",
908,WA6LIF,446.82000,-,5.00000,Tone,107.2,88.5,023,NN,FM,5,"Rancho Palos Verdes",
909,N6EHM,446.84000,-,5.00000,Tone,114.8,88.5,023,NN,FM,5,"Lake Forest, Santiago Peak",
910,N6SCI,446.86000,-,5.00000,Tone,141.3,141.3,023,NN,FM,5,"Avalon, Mt. Ada",
911,K6VST,446.86000,-,5.00000,Tone,103.5,88.5,023,NN,FM,5,"Carlsbad",
912,KK6JYT,446.86000,-,5.00000,Tone,123.0,88.5,023,NN,FM,5,"Glendora",
913,K6JRM,446.86000,-,5.00000,Tone,100.0,100.0,023,NN,FM,5,"Hemet",
914,N6TRI,446.86000,-,5.00000,Tone,123.0,88.5,023,NN,Auto,5,"Oceanside",
915,W6QAR,446.86000,-,5.00000,Tone,107.2,107.2,023,NN,Auto,5,"San Diego, Sorrento Valley",
916,N6LXX,446.86000,-,5.00000,Tone,110.9,88.5,023,NN,FM,5,"Wrightwood, Blue Ridge",
917,W6CPA,446.87000,-,5.00000,,88.5,88.5,23,NN,DV,5,"Wrightwood, Blue Ridge",
918,KJ6KTV,446.88000,-,5.00000,Tone,103.5,88.5,023,NN,FM,5,"Alta Loma",
919,KB6JAG,446.88000,-,5.00000,Tone,88.5,88.5,023,NN,FM,5,"Hemet",
920,WA6ZFT,446.88000,-,5.00000,Tone,131.8,88.5,023,NN,FM,5,"La Mesa",
921,N6LXX,446.88000,-,5.00000,Tone,110.9,110.9,023,NN,FM,5,"Onyx, Onyx Peak",
922,WD6DIH,446.90000,-,5.00000,Tone,186.2,88.5,023,NN,FM,5,"Irvine, Signal Peak",
923,WD6DIH,446.90000,-,5.00000,Tone,110.9,88.5,023,NN,FM,5,"Lake Forest, Santiago Peak",
924,,446.94000,-,5.00000,Tone,110.9,88.5,023,NN,FM,5,"Altadena, Mt Wilson",
925,WD6DIH,446.96000,-,5.00000,Tone,136.5,136.5,023,NN,FM,5,"Baker,  Turquoise Mountain",
926,WA6ZVE,446.98000,-,5.00000,,88.5,88.5,023,NN,FM,5,"Loop Canyon",
927,K6ERN,447.00000,-,5.00000,Tone,103.5,88.5,023,NN,FM,5,"Camarillo, Camarillo Springs",
928,W6NWG,447.00000,-,5.00000,Tone,107.2,88.5,023,NN,FM,5,"Escondido, Palomar Mountain",
929,KC6OPU,447.00000,-,5.00000,Tone,136.5,88.5,023,NN,FM,5,"Hesperia",
930,KE6CPF,447.00000,-,5.00000,Tone,156.7,88.5,023,NN,FM,5,"Loma Linda",
931,W6TRW,447.00000,-,5.00000,Tone,100.0,88.5,023,NN,FM,5,"Rancho Palos Verdes",
932,,447.00000,-,5.00000,,88.5,88.5,023,NN,FM,5,"Redlands",
933,AI6BX,447.00000,-,5.00000,Tone,123.0,123.0,023,NN,Auto,5,"Redlands",
934,WB6CDF,447.00000,-,5.00000,DTCS,88.5,88.5,565,NN,Auto,5,"Yucca Valley, Paxton Hill",
935,N6AJB,447.02000,-,5.00000,,88.5,88.5,023,NN,FM,5,"Gilman Hot Springs,  Daniel Peak",
936,N6AJB,447.02000,-,5.00000,Tone,100.0,100.0,023,NN,FM,5,"Lake Arrowhead, Heaps Peak",
937,N6AJB,447.02000,-,5.00000,,88.5,88.5,023,NN,FM,5,"Lake Forest, Santiago Peak",
938,N6AJB,447.02000,-,5.00000,,88.5,88.5,023,NN,FM,5,"Oak Glen, Yucaipa Ridge",
939,N6AJB,447.02000,-,5.00000,Tone,100.0,88.5,023,NN,FM,5,"Redlands,  Tremont Ranch",
940,W5HMV,447.02000,-,5.00000,Tone,123.0,88.5,023,NN,FM,5,"Ridgecrest",
941,KC6IJM,447.02000,-,5.00000,Tone,127.3,88.5,023,NN,FM,5,"Thousand Oaks",
942,N6SMU,447.04000,-,5.00000,Tone,136.5,136.5,023,NN,FM,5,"Gorman, Frazier Mountain",
943,KK6BAD,447.04000,-,5.00000,Tone,123.0,123.0,023,NN,FM,5,"San Diego, Otay Mtn",
944,WA6IRC,447.04000,-,5.00000,,88.5,88.5,23,NN,DV,5,"Sylmar, Contractors Point",
945,K6ZXZ,447.08000,-,5.00000,Tone,136.5,88.5,023,NN,FM,5,"Lake Arrowhead, Heaps Peak",
946,WB6ORK,447.10000,-,5.00000,Tone,136.5,88.5,023,NN,FM,5,"Corona, Sierra Peak",
947,WB6ORK,447.10000,-,5.00000,Tone,203.5,88.5,023,NN,FM,5,"Gorman, Frazier Mountain",
948,WA6TTL,447.14000,-,5.00000,Tone,203.5,88.5,023,NN,FM,5,"Diamond Bar",
949,K6IFR,447.14000,-,5.00000,,88.5,88.5,23,NN,DV,5,"Palm Springs",
950,WA6TTL,447.14000,-,5.00000,,88.5,88.5,23,NN,FM,5,"Ventura",
951,WA6TTL,447.16000,-,5.00000,,88.5,88.5,23,NN,FM,5,"Chatsworth, Chatsworth Peak",
952,W6KGB,447.16000,-,5.00000,,88.5,88.5,23,NN,FM,5,"Santa Barbara, Santa Ynez Peak",
953,KG6GI,447.18000,-,5.00000,Tone,131.8,131.8,023,NN,FM,5,"Lake Forest, Santiago Peak",
954,KJ6LKA,447.19000,+,5.00000,,88.5,88.5,23,NN,DV,5,"San Diego",
955,WB6EKU,447.20000,-,5.00000,Tone,67.0,88.5,023,NN,FM,5,"Chatsworth, Oat Mountain",
956,K6PUW,447.20000,-,5.00000,,88.5,88.5,23,NN,DV,5,"Chatsworth, Oat Mountain",
957,W6SH,447.20000,-,5.00000,,88.5,88.5,23,NN,DV,5,"Coronado",
958,KI6JKA,447.20000,-,5.00000,,88.5,88.5,23,NN,DV,5,"Los Angeles",
959,K6ONT,447.20000,-,5.00000,Tone,114.8,88.5,023,NN,FM,5,"Rancho Cucamonga",
960,N6HYM,447.20000,-,5.00000,Tone,131.8,88.5,023,NN,FM,5,"Santa Barbara, Painted Cave",
961,KA6GBJ,447.20000,-,5.00000,Tone,107.2,88.5,023,NN,FM,5,"Thousand Palms",
962,WR6AZN,447.20000,-,5.00000,Tone,94.8,88.5,023,NN,FM,5,"Wrightwood, Table Mountain",
963,K6PIN,447.22000,-,5.00000,Tone,94.8,88.5,023,NN,Auto,5,"Riverside, Box Springs",
964,WB6TZE,447.22000,-,5.00000,,88.5,88.5,023,NN,FM,5,"Santa Ynez, Santa Ynez Peak",
965,N6VRG,447.22000,-,5.00000,Tone,225.7,225.7,023,NN,FM,5,"Sylmar, Contractors Pt",
966,WA6UZS,447.24000,-,5.00000,Tone,100.0,100.0,023,NN,FM,5,"Glendale, Mt Lukens",
967,AA4CD,447.26000,-,5.00000,,88.5,88.5,023,NN,FM,5,"La Presa,  San Miguel Mountain",
968,WD6FZA,447.26000,-,5.00000,,88.5,88.5,23,NN,DIG,5,"San Marcos",
969,WB6VSJ,447.28000,-,5.00000,Tone,123.0,88.5,023,NN,FM,5,"Pine Cove",
970,WR6HP,447.28000,-,5.00000,Tone,136.5,88.5,023,NN,FM,5,"Running Springs",
971,W6NRY,447.30000,-,5.00000,,88.5,88.5,023,NN,FM,5,"San Dimas, Johnstone Peak",
972,AA4CD,447.30000,-,5.00000,,88.5,88.5,23,NN,DV,5,"Vista Park, San Marcos Peak",
973,KA6GRF,447.32000,-,5.00000,Tone,136.5,88.5,023,NN,FM,5,"Fontana",
974,WA6FV,447.32000,-,5.00000,Tone,94.8,88.5,023,NN,FM,5,"Fountain Valley",
975,W6DRA,447.32000,-,5.00000,Tone,107.2,88.5,023,NN,FM,5,"Palm Desert",
976,K6JR,447.32000,-,5.00000,Tone,131.8,88.5,023,NN,FM,5,"Palm Springs, Edom Hill",
977,W6UUS,447.32000,-,5.00000,Tone,107.2,88.5,023,NN,FM,5,"San Diego, Kearney Mesa",
978,WB6WLV,447.32000,-,5.00000,,88.5,88.5,023,NN,Auto,5,"San Diego, Kearney Mesa",
979,WA6ZSN,447.32000,-,5.00000,Tone,100.0,88.5,023,NN,FM,5,"Ventura, South Mtn",
980,N6GLA,447.32000,-,5.00000,Tone,103.5,88.5,023,NN,FM,5,"West Los Angeles",
981,KM6JY,447.34000,-,5.00000,,88.5,88.5,023,NN,FM,5,"Lake Forest, Santiago Peak",
982,W6FRT,447.34000,-,5.00000,Tone,162.2,88.5,023,NN,FM,5,"Sylmar, Contractors Pt",
983,WR6FM,447.36000,-,5.00000,,88.5,88.5,023,NN,FM,5,"Gorman, Frazier Mountain",
984,AA4CD,447.36000,-,5.00000,Tone,91.5,88.5,023,NN,FM,5,"San Diego",
985,W6YJ,447.38000,-,5.00000,,88.5,88.5,023,NN,FM,5,"Lake Forest, Santiago Peak",
986,KE6UPI,447.40000,-,5.00000,,88.5,88.5,23,NN,DIG,5,"Murrieta",
987,KD6OFD,447.44000,-,5.00000,,88.5,88.5,023,NN,FM,5,"Wrightwood, Blue Ridge",
988,N6RVI,447.46000,-,5.00000,,88.5,88.5,023,NN,FM,5,"Spring Valley, Dictionary Hill",
989,N6MRN,447.48000,-,5.00000,Tone,156.7,156.7,023,NN,FM,5,"Pine Cove",
990,W8AKF,447.48000,-,5.00000,,88.5,88.5,023,NN,FM,5,"Thousand Oaks",
991,KE6HGO,447.50000,-,5.00000,,88.5,88.5,023,NN,FM,5,"Agoura,  Castro Peak",
992,N0VDM,447.50000,-,5.00000,,88.5,141.3,023,NN,FM,5,"Carlsbad",
993,K0JPK,447.50000,-,5.00000,,88.5,88.5,023,NN,FM,5,"Chino",
994,W6HDC,447.52000,-,5.00000,Tone,127.3,127.3,023,NN,FM,5,"El Cajon",
995,K6CF,447.52000,-,5.00000,,88.5,88.5,023,NN,FM,5,"Pomona,  Sunset Ridge",
996,W6GAE,447.52000,-,5.00000,,88.5,88.5,023,NN,FM,5,"Pomona,  Sunset Ridge",
997,KF6FM,447.52000,-,5.00000,,88.5,88.5,23,NN,DIG,5,"Saugus, Oat Mountain",
998,KB6CRE,447.54000,-,5.00000,,88.5,88.5,023,NN,FM,5,"Lake Forest, Santiago Peak",
999,WB6LST,447.56000,-,5.00000,Tone,136.5,88.5,023,NN,FM,5,"Chatsworth, Oat Mountain",
1000,KI6DYV,447.58000,-,5.00000,Tone,100.0,88.5,023,NN,FM,5,"Arcadia, Santa Anita Ridge",
1001,K6JSI,447.58000,-,5.00000,Tone,100.0,88.5,023,NN,FM,5,"Arcadia, Santa Anita Ridge",
1002,KE6JZS,447.58000,-,5.00000,Tone,107.2,88.5,023,NN,FM,5,"Barstow",
1003,W6KSN,447.58000,-,5.00000,Tone,100.0,88.5,023,NN,FM,5,"Indio, Chiriaco Smt",
1004,KF6BXS,447.58000,-,5.00000,Tone,123.0,88.5,023,NN,FM,5,"La Presa, San Miguel Mountain",
1005,WB6CDF,447.58000,-,5.00000,Tone,173.8,88.5,023,NN,FM,5,"Landers, Goat Mountain",
1006,KE6DTF,447.60000,-,5.00000,,88.5,88.5,023,NN,FM,5,"Thousand Oaks",
1007,N6DD,447.62000,-,5.00000,,88.5,88.5,023,NN,FM,5,"Pomona, Sunset Ridge",
1008,K6JSI,447.64000,-,5.00000,Tone,100.0,88.5,023,NN,FM,5,"Bakersfield, Breckenridge Mountain",
1009,W6PL,447.64000,-,5.00000,Tone,100.0,88.5,023,NN,FM,5,"La Presa, Mt Otay",
1010,K6JSI,447.64000,-,5.00000,Tone,100.0,88.5,023,NN,FM,5,"San Diego, Otay Mtn",
1011,W6PL,447.64000,-,5.00000,Tone,100.0,88.5,023,NN,FM,5,"San Diego, Otay Mtn",
1012,,447.68000,-,5.00000,,88.5,88.5,023,NN,FM,5,"Baker, Turquoise Mountain",
1013,K6UHF,447.68000,-,5.00000,Tone,118.8,118.8,023,NN,FM,5,"Lake Forest, Santiago Peak",
1014,W6YQY,447.70000,-,5.00000,Tone,118.8,118.8,023,NN,FM,5,"Lake Forest, Santiago Peak",
1015,N6DKA,447.72000,-,5.00000,Tone,118.8,88.5,023,NN,FM,5,"Claremont, Sunset Ridge",
1016,N6AJB,447.74000,-,5.00000,,88.5,88.5,023,NN,FM,5,"Yucaipa,  Snow Peak",
1017,W6KGB,447.78000,-,5.00000,,88.5,88.5,023,NN,FM,5,"Santa Monica, Saddle Peak",
1018,NO7BS,447.80000,-,5.00000,Tone,107.2,107.2,023,NN,FM,5,"Altadena, Mt Harvard",
1019,K6RIF,447.80000,-,5.00000,Tone,88.5,88.5,023,NN,FM,5,"Escondido, Palomar Mountain",
1020,KE6PGN,447.82000,-,5.00000,Tone,67.0,88.5,023,NN,FM,5,"Chatsworth, Oat Mountain",
1021,WA6JQB,447.84000,-,5.00000,,88.5,88.5,023,NN,FM,5,"Santa Monica,  Saddle Pk",
1022,KK6GFX,447.84000,-,5.00000,,88.5,88.5,23,NN,DV,5,"Santa Ynez",
1023,KK6AC,447.86000,-,5.00000,Tone,141.3,88.5,023,NN,FM,5,"Gorman, Frazier Mountain",
1024,WR6SP,447.86000,-,5.00000,Tone,127.3,88.5,023,NN,FM,5,"Santa Monica, Saddle Pk",
1025,WD6AML,447.90000,-,5.00000,,88.5,88.5,23,NN,DIG,5,"Alpine",
1026,WD6AML,447.90000,-,5.00000,,88.5,88.5,23,NN,FM,5,"Chatsworth,  Oat Mountain",
1027,WD6AML,447.90000,-,5.00000,,88.5,88.5,23,NN,DIG,5,"Desert Center, Chuckwalla Mountains",
1028,WD6AML,447.90000,-,5.00000,,88.5,88.5,23,NN,DIG,5,"San Dimas, Johnstone Peak",
1029,KA3AJM,447.90000,-,5.00000,,88.5,88.5,23,NN,DIG,5,"Vista",
1030,N6XPG,447.92000,-,5.00000,,88.5,88.5,23,NN,FM,5,"Pomona, Sunset Ridge",
1031,KI6HHU,447.92000,-,5.00000,Tone,141.3,141.3,023,NN,FM,5,"Tehachapi, Double Mtn.",
1032,W6BRP,447.94000,-,5.00000,Tone,100.0,88.5,023,NN,FM,5,"Huntington Beach",
1033,NW6B,447.96000,-,5.00000,,88.5,88.5,023,NN,FM,5,"La Crescenta",
1034,KV6D,447.98000,-,5.00000,,88.5,88.5,023,NN,FM,5,"Running Springs",
1035,NW6B,447.98000,-,5.00000,,88.5,88.5,023,NN,FM,5,"Tujunga",
1036,WR6TWE,448.02000,-,5.00000,Tone,100.0,88.5,023,NN,FM,5,"Glendale, Mt Lukens",
1037,WR6MO,448.02000,-,5.00000,Tone,91.5,88.5,023,NN,FM,5,"San Diego,  Otay Mountain",
1038,WD6AWP,448.04000,-,5.00000,Tone,136.5,136.5,023,NN,FM,5,"Brawley, Black Mountain",
1039,WD6AWP,448.04000,-,5.00000,Tone,136.5,88.5,23,NN,P25,5,"Lake Forest, Santiago Peak",
1040,K6JSI,448.06000,-,5.00000,Tone,100.0,88.5,023,NN,FM,5,"Lake Forest, Santiago Peak",
1041,KD6ZLZ,448.08000,-,5.00000,Tone,162.2,88.5,023,NN,FM,5,"Lake Forest, Santiago Peak",
1042,KA6JRG,448.12000,-,5.00000,Tone,162.2,88.5,023,NN,FM,5,"Lake Forest, Santiago Peak",
1043,WB6SRC,448.14000,-,5.00000,Tone,131.8,88.5,023,NN,FM,5,"Lake Forest, Santiago Peak",
1044,KF6FM,448.14000,-,5.00000,Tone,123.0,123.0,023,NN,FM,5,"Yermo, Mt. Rodman",
1045,W7DOD,448.16000,-,5.00000,Tone,141.3,88.5,023,NN,FM,5,"Baker,  Turquoise Mountain",
1046,W7DOD,448.16000,-,5.00000,Tone,131.8,88.5,023,NN,FM,5,"Yucaipa,  Snow Peak",
1047,WB6TZU,448.18000,-,5.00000,Tone,131.8,88.5,023,NN,FM,5,"Lake Arrowhead, Heaps Peak",
1048,K6ERN,448.18000,-,5.00000,Tone,100.0,88.5,023,NN,FM,5,"Ventura, Red Mountain",
1049,K6IRF,448.26000,-,5.00000,,88.5,88.5,23,NN,DIG,5,"San Dimas, Johnstone Peak",
1050,WB6TNP,448.26000,-,5.00000,,88.5,88.5,23,NN,FM,5,"Yermo, Mount Rodman",
1051,K6ARN,448.28000,-,5.00000,Tone,107.2,88.5,023,NN,FM,5,"Corona, Sierra Peak",
1052,KM6RPT,448.28000,-,5.00000,Tone,82.5,88.5,023,NN,FM,5,"San Diego, Old Town",
1053,WA6ZJT,448.30000,-,5.00000,,88.5,88.5,023,NN,FM,5,"Lake Forest, Santiago Peak",
1054,W6KRW,448.32000,-,5.00000,Tone,141.3,141.3,023,NN,FM,5,"Lake Forest, Santiago Peak",
1055,WA6ZJT,448.32000,-,5.00000,,88.5,88.5,023,NN,FM,5,"Lake Forest, Santiago Peak",
1056,KB6MRC,448.34000,-,5.00000,Tone,192.8,88.5,023,NN,FM,5,"Bellflower",
1057,K6QM,448.34000,-,5.00000,Tone,100.0,88.5,023,NN,Auto,5,"Chula Vista, Sweetwater Authority Water Tank",
1058,W6KGB,448.34000,-,5.00000,Tone,141.3,141.3,023,NN,FM,5,"Oxnard",
1059,K6OES,448.34000,-,5.00000,Tone,114.8,114.8,023,NN,FM,5,"San Dimas, Johnstone Peak",
1060,N6NMC,448.34000,-,5.00000,Tone,67.0,88.5,023,NN,FM,5,"Santa Clarita",
1061,WD6AWP,448.38000,-,5.00000,Tone,136.5,88.5,23,NN,P25,5,"Wrightwood, Blue Ridge",
1062,N6WZK,448.40000,-,5.00000,Tone,151.4,203.5,023,NN,FM,5,"Bell",
1063,K6IOJ,448.42000,-,5.00000,Tone,131.8,88.5,023,NN,FM,5,"Crestline, Strawberry Peak",
1064,K6PIN,448.46000,-,5.00000,Tone,131.8,88.5,023,NN,Auto,5,"Pomona,  Sunset Ridge",
1065,KK6KD,448.46000,-,5.00000,,88.5,88.5,23,NN,DIG,5,"San Diego, San Miguel Mtn.",
1066,N6RMH,448.46000,-,5.00000,,88.5,88.5,023,NN,FM,5,"Victorville, Quartzite Mountain",
1067,KI6KQU,448.52000,-,5.00000,,88.5,88.5,23,NN,DIG,5,"Poway, Mt Woodson",
1068,K6JXY,448.54000,-,5.00000,Tone,91.5,91.5,023,NN,FM,5,"Escondido, Palomar Mountain",
1069,N6MQS,448.54000,-,5.00000,,88.5,88.5,023,NN,FM,5,"Glendale,  Mt Thom",
1070,W6YRA,448.54000,-,5.00000,Tone,82.5,82.5,023,NN,FM,5,"Westwood, UCLA",
1071,W6RRN,448.60000,-,5.00000,,88.5,88.5,023,NN,FM,5,"Newbury Park, Rasnow Peak",
1072,K6JLW,448.80000,-,5.00000,Tone,131.8,131.8,023,NN,FM,5,"Oxnard",
1073,WI6RE,448.80000,-,5.00000,Tone,100.0,88.5,023,NN,FM,5,"Ridgecrest, El Paso Peak",
1074,K6JSI,448.80000,-,5.00000,Tone,100.0,88.5,023,NN,FM,5,"Vista",
1075,WA6ZSG,448.90000,-,5.00000,,88.5,88.5,023,NN,FM,5,"Altadena,  Mt Wilson",
1076,K6JSI,448.90000,-,5.00000,Tone,123.0,88.5,023,NN,FM,5,"Santa Barbara, Santa Ynez Peak",
1077,K6JSI,448.90000,-,5.00000,Tone,100.0,88.5,023,NN,FM,5,"Santa Catalina Island",
1078,K6PNG,448.90000,-,5.00000,Tone,67.0,88.5,023,NN,FM,5,"Victorville, Quartzite Mountain",
1079,N6SLD,448.92000,-,5.00000,Tone,91.5,88.5,023,NN,FM,5,"Lake Forest, Santiago Peak",
1080,N6SIX,448.94000,-,5.00000,Tone,141.3,141.3,023,NN,Auto,5,"El Cajon, Rattlesnake Peak",
1081,KE6VK,448.94000,-,5.00000,,88.5,88.5,023,NN,FM,5,"San Diego",
1082,K6JSI,448.94000,-,5.00000,Tone,100.0,88.5,023,NN,FM,5,"Thousand Oaks",
1083,KE6VK,448.96000,-,5.00000,Tone,131.8,88.5,023,NN,FM,5,"Escondido, Palomar Mountain",
1084,KJ6GRS,449.00000,-,5.00000,,88.5,88.5,23,NN,DIG,5,"San Diego",
1085,WA6TZE,449.00000,-,5.00000,Tone,131.8,88.5,023,NN,FM,5,"Santa Ynez, Santa Ynez Peak",
1086,KA6P,449.03750,-,5.00000,,88.5,88.5,23,NN,DIG,5,"Lake Forest, Santiago Peak",
1087,KA6P,449.03750,-,5.00000,,88.5,88.5,23,NN,DIG,5,"Wrightwood",
1088,K6RRR,449.06000,-,5.00000,Tone,88.5,88.5,023,NN,FM,5,"San Diego, Otay Mountain",
1089,N6TAP,449.08000,-,5.00000,Tone,100.0,88.5,023,NN,FM,5,"Barstow",
1090,K6JSI,449.08000,-,5.00000,Tone,123.0,88.5,023,NN,FM,5,"Escondido, Palomar Mountain",
1091,KF6BQK,449.08000,-,5.00000,,88.5,88.5,23,NN,DV,5,"Santa Monica, Saddle Peak",
1092,WA6TTL,449.08000,-,5.00000,,88.5,88.5,23,NN,FM,5,"Thousand Oaks, Rasnow Peak",
1093,N6WZK,449.10000,-,5.00000,,88.5,88.5,23,NN,FM,5,"Commerce",
1094,K6XI,449.12000,-,5.00000,Tone,100.0,88.5,023,NN,FM,5,"San Diego, Otay Mountain",
1095,N6KHZ,449.12000,-,5.00000,,88.5,88.5,023,NN,FM,5,"San Dimas,  Johnstone Peak",
1096,W6AB,449.14000,-,5.00000,Tone,131.8,131.8,023,NN,FM,5,"Lompoc, Tranquillon Peak",
1097,N6LVR,449.18000,-,5.00000,Tone,88.5,88.5,023,NN,FM,5,"Alpine, Monument Peak",
1098,N6CIZ,449.20000,-,5.00000,,88.5,88.5,23,NN,DIG,5,"Mt. Wilson",
1099,WB6WLV,449.20000,-,5.00000,Tone,107.2,107.2,023,NN,Auto,5,"San Diego, Otay Mountain",
1100,WB6YMH,449.22000,-,5.00000,Tone,131.8,88.5,023,NN,FM,5,"Glendale,  Mt Lukens",
1101,WB6YMH,449.22000,-,5.00000,Tone,79.7,88.5,023,NN,FM,5,"Rancho Palos Verdes",
1102,WB6CYT,449.22000,-,5.00000,Tone,91.5,88.5,023,NN,FM,5,"San Diego, Otay Mountain",
1103,K6JR,449.24000,-,5.00000,Tone,131.8,88.5,023,NN,FM,5,"Cathedral City, Edom Hill",
1104,N6WB,449.24000,-,5.00000,Tone,127.3,88.5,023,NN,Auto,5,"Escondido",
1105,W6ZN,449.30000,-,5.00000,Tone,100.0,100.0,023,NN,Auto,5,"Escondido, Palomar Mountain",
1106,KD6JTU,449.30000,-,5.00000,Tone,103.5,88.5,023,NN,FM,5,"Moreno Valley, City Hall",
1107,WB6OBB,449.30000,-,5.00000,Tone,131.8,88.5,023,NN,FM,5,"Santa Ynez, Broadcast Peak",
1108,KC6YNQ,449.30000,-,5.00000,Tone,141.3,88.5,023,NN,FM,5,"Seal Beach",
1109,W6YJ,449.32000,-,5.00000,,88.5,88.5,023,NN,FM,5,"Escondido, Palomar Mountain",
1110,KB6CRE,449.34000,-,5.00000,Tone,136.5,88.5,023,NN,FM,5,"Onyx, Onyx Peak",
1111,N6WZK,449.36000,-,5.00000,Tone,186.2,88.5,23,NN,DIG,5,"San Antonio Heights, Sunset Ridge ",
1112,KI6KQU,449.38000,-,5.00000,,88.5,88.5,23,NN,DIG,5,"Glendale, Mt Lukens",
1113,KW6HRO,449.38000,-,5.00000,Tone,100.0,100.0,023,NN,FM,5,"San Diego, Otay Mountain",
1114,KE6TZF,449.42000,-,5.00000,,88.5,88.5,023,NN,FM,5,"Pomona, Sunset Ridge",
1115,K6XI,449.44000,-,5.00000,Tone,107.2,107.2,023,NN,FM,5,"San Diego, Mount Otay",
1116,W6AMG,449.44000,-,5.00000,Tone,131.8,131.8,023,NN,FM,5,"Thousand Oaks",
1117,N6LRB,449.46000,-,5.00000,,88.5,88.5,023,NN,Auto,5,"Chatsworth, Oat Mountian",
1118,N9QE,449.46000,-,5.00000,,88.5,88.5,23,NN,DIG,5,"Harbor City",
1119,W6TRW,449.46250,-,5.00000,,88.5,88.5,23,NN,DIG,5,"Redondo Beach",
1120,AI6DZ,449.46250,-,5.00000,,88.5,88.5,23,NN,DIG,5,"San Diego",
1121,KJ6UVT,449.46250,-,5.00000,,88.5,88.5,23,NN,DIG,5,"Santa Monica",
1122,N6YN,449.48000,-,5.00000,,88.5,88.5,23,NN,FM,5,"Altadena, Mt Wilson",
1123,WA6GDF,449.50000,-,5.00000,Tone,192.8,88.5,023,NN,FM,5,"Juniper Hills",
1124,K9KAO,449.50000,-,5.00000,Tone,100.0,88.5,023,NN,FM,5,"Pomona, Sunset Ridge",
1125,WB6WLV,449.50000,-,5.00000,Tone,107.2,88.5,023,NN,Auto,5,"San Diego, Mount Laguna",
1126,N6WZK,449.56000,-,5.00000,Tone,186.2,88.5,023,NN,FM,5,"Bell",
1127,WB6BBE,449.56000,-,5.00000,Tone,186.2,88.5,023,NN,FM,5,"Santa Barbara, Santa Ynez Peak",
1128,N6WZK,449.56000,-,5.00000,Tone,186.2,88.5,023,NN,FM,5,"Whittier",
1129,K6KTA,449.58000,-,5.00000,Tone,107.2,107.2,023,NN,FM,5,"San Diego, Mount Laguna",
1130,WV6H,449.60000,-,5.00000,Tone,82.5,88.5,023,NN,FM,5,"San Diego,  Otay Mountain",
1131,WA6YVX,449.60000,-,5.00000,,88.5,88.5,23,NN,DIG,5,"San Diego",
1132,KB6IBB,449.62000,-,5.00000,,88.5,88.5,023,NN,FM,5,"Hollywood,  Hollywood Hills",
1133,W6YJ,449.66000,-,5.00000,,88.5,88.5,023,NN,FM,5,"Lake Arrowhead, Heaps Peak",
1134,N7YMM,449.68000,-,5.00000,Tone,100.0,100.0,023,NN,Auto,5,"Covina, Covina PD",
1135,WA6RQD,449.68000,-,5.00000,Tone,156.7,88.5,023,NN,FM,5,"Lake Arrowhead, Heaps Peak",
1136,N6CIZ,449.70000,-,5.00000,Tone,131.8,131.8,023,NN,FM,5,"Altadena, Mt. Wilson",
1137,K6CLX,449.70000,-,5.00000,,88.5,88.5,23,NN,DV,5,"Calexico",
1138,WB6QAZ,449.70000,-,5.00000,Tone,88.5,88.5,023,NN,FM,5,"Cloverdale",
1139,W6DRA,449.70000,-,5.00000,Tone,107.2,88.5,023,NN,FM,5,"Palm Springs, Tram",
1140,WA6OSB,449.70000,-,5.00000,Tone,151.4,88.5,023,NN,FM,5,"San Diego, Otay Mtn",
1141,W6NVY,449.70000,-,5.00000,Tone,141.3,88.5,023,NN,FM,5,"Victorville, Quartzite Mountain",
1142,WA6TTL,449.72000,-,5.00000,,88.5,88.5,023,NN,FM,5,"Altadena, Mt Wilson",
1143,WA6TTL,449.72000,-,5.00000,,88.5,88.5,023,NN,FM,5,"Escondido, Palomar Mountain",
1144,WA6TTL,449.74000,-,5.00000,,88.5,88.5,023,NN,FM,5,"Lake Forest, Santiago Peak",
1145,W6KGB,449.74000,-,5.00000,,88.5,88.5,023,NN,FM,5,"Malibu, Santa Monica Mountains",
1146,W6KGB,449.74000,-,5.00000,,88.5,88.5,023,NN,FM,5,"San Diego, Otay Mountain",
1147,W6KGB,449.74000,-,5.00000,,88.5,88.5,023,NN,FM,5,"Wrightwood,  Blue Ridge",
1148,WA6DPB,449.76000,-,5.00000,Tone,131.8,88.5,023,NN,FM,5,"Lake Forest, Santiago Peak",
1149,WR6OM,449.78000,-,5.00000,Tone,136.5,88.5,023,NN,FM,5,"Barstow, Ord Mountain",
1150,KI6BJN,449.78000,-,5.00000,Tone,141.3,88.5,023,NN,Auto,5,"Poway, Mt Woodson",
1151,WB6DTR,449.78000,-,5.00000,Tone,123.0,88.5,023,NN,FM,5,"San Diego, Otay Mountain",
1152,K6CHE,449.78000,-,5.00000,Tone,131.8,131.8,023,NN,Auto,5,"Signal Hill, Signal Hill Tower",
1153,WA6DPB,449.80000,-,5.00000,,88.5,88.5,023,NN,FM,5,"Glendale, Mt Lukens",
1154,WB6BWU,449.80000,-,5.00000,Tone,110.9,110.9,023,NN,FM,5,"Lake Forest, Santiago Peak",
1155,KE6LE,449.82000,-,5.00000,,88.5,88.5,23,NN,DV,5,"Rancho Palos Verdes",
1156,KE6LE,449.82000,-,5.00000,,88.5,88.5,23,NN,DIG,5,"Rancho Palos Verdes",
1157,W6HRO,449.84000,-,5.00000,,88.5,88.5,23,NN,DV,5,"Anaheim, HRO",
1158,N6OEI,449.84000,-,5.00000,,88.5,88.5,23,NN,DIG,5,"San Diego",
1159,K6TEM,449.88000,-,5.00000,Tone,146.2,146.2,023,NN,FM,5,"Pomona, Sunset Ridge",
1160,KF6YB,449.90000,-,5.00000,,88.5,88.5,23,NN,DIG,5,"El Cajon",
1161,K6RYA,449.90000,-,5.00000,,88.5,88.5,23,NN,DIG,5,"Fairbanks Ranch",
1162,KF6YB,449.90000,-,5.00000,Tone,151.4,151.4,023,NN,FM,5,"La Mesa",
1163,N6VCC,449.92000,-,5.00000,,88.5,186.2,023,NN,FM,5,"Valley Center, Paradise Mountain",
1164,K6IUM,449.98000,-,5.00000,Tone,173.8,88.5,023,NN,FM,5,"Rancho Palos Verdes,  San Pedro Hill",
1165,KA6MEP,449.98000,-,5.00000,Tone,151.4,88.5,023,NN,FM,5,"Running Springs",
1166,K6RIF,449.98000,-,5.00000,Tone,88.5,88.5,023,NN,FM,5,"San Diego, Otay Mountain",
